Country Name,Country Code,Indicator Name,Indicator Code,1960,1961,1962,1963,1964,1965,1966,1967,1968,1969,1970,1971,1972,1973,1974,1975,1976,1977,1978,1979,1980,1981,1982,1983,1984,1985,1986,1987,1988,1989,1990,1991,1992,1993,1994,1995,1996,1997,1998,1999,2000,2001,2002,2003,2004,2005,2006,2007,2008,2009,2010,2011,2012,2013,2014,2015,2016,2017,2018,2019,2020,2021,2022,2023
Aruba,ABW,"GNI per capita, PPP (current international $)",NY.GNP.PCAP.PP.CD,,,,,,,,,,,,,,,,,,,,,,,,,,,,,,,20530,22210,23230,24580,26320,26850,26800,28250,28640,27890,30320,31210,29780,31810,34480,28910,35760,33470,38420,33950,32280,32440,33220,34660,35410,35660,35750,36560,37730,38310,29630,37070,43670,
Africa Eastern and Southern,AFE,"GNI per capita, PPP (current international $)",NY.GNP.PCAP.PP.CD,,,,,,,,,,,,,,,,,,,,,,,,,,,,,,,1728.164439,1739.983539,1657.993822,1683.158715,1693.770111,1796.177754,1880.584578,1955.863282,1958.419932,1980.278506,2050.097657,2117.300074,2186.855414,2251.790574,2380.318725,2539.083244,2715.268391,2881.130232,2970.850264,2954.78367,3038.586671,3147.698102,3092.509262,3204.859903,3351.916096,3388.75599,3502.798136,3531.130759,3584.229869,3668.187802,3575.826645,3863.004386,4180.35028,4355.819919
Afghanistan,AFG,"GNI per capita, PPP (current international $)",NY.GNP.PCAP.PP.CD,,,,,,,,,,,,,,,,,,,,,,,,,,,,,,,,,,,,,,,,,810,770,960,980,980,1090,1140,1300,1340,1570,1770,1750,2000,2150,2240,2300,2250,2360,2470,2630,2590,2150,2100,
Africa Western and Central,AFW,"GNI per capita, PPP (current international $)",NY.GNP.PCAP.PP.CD,,,,,,,,,,,,,,,,,,,,,,,,,,,,,,,,,,,,,,,,,,,,,,,,,3040.686949,3150.036827,3303.166057,3438.427721,3567.8461,3723.197931,4022.993044,4014.43247,3979.757115,4015.580187,4140.938693,4398.642528,4421.156379,4613.383747,4979.901737,5239.787316
Angola,AGO,"GNI per capita, PPP (current international $)",NY.GNP.PCAP.PP.CD,,,,,,,,,,,,,,,,,,,,,,,,,,,,,,,3000,3320,1630,1500,1260,2350,2420,2830,2820,2630,2790,2910,3380,3470,3780,4310,4730,5350,5590,5840,5950,6120,6750,7020,7510,6760,6490,6570,6790,6850,5880,6810,7320,7310
Albania,ALB,"GNI per capita, PPP (current international $)",NY.GNP.PCAP.PP.CD,,,,,,,,,,,,,,,,,,,,,,,,,,,,,,,2550,1880,1740,2110,2300,2710,3050,2780,3110,3550,3980,4440,4870,5130,5560,5980,6760,7490,8270,8670,9530,10210,10450,10750,11360,11800,12270,12800,13480,14430,14200,16040,19140,21110
Andorra,AND,"GNI per capita, PPP (current international $)",NY.GNP.PCAP.PP.CD,,,,,,,,,,,,,,,,,,,,,,,,,,,,,,,,,,,,,,,,,,,,,,,,,,,,,,,,,,,,63180,58660,63290,75090,
Arab World,ARB,"GNI per capita, PPP (current international $)",NY.GNP.PCAP.PP.CD,,,,,,,,,,,,,,,,,,,,,,,,,,,,,,,7055.264562,7462.101768,7865.423654,7986.479857,8101.887279,8332.521236,8629.059868,9009.640172,9418.89143,9360.992233,10033.03947,10203.94134,10102.59821,10487.71262,11549.9312,12294.25035,13220.55933,13887.23214,14482.00108,14203.4217,14564.2836,15067.3419,15981.65753,15941.50779,15748.96108,14318.90743,13884.38107,14462.54104,15357.41896,15440.89123,14195.7779,15538.78175,17240.57544,17736.38717
United Arab Emirates,ARE,"GNI per capita, PPP (current international $)",NY.GNP.PCAP.PP.CD,,,,,,,,,,,,,,,,,,,,,,,,,,,,,,,92550,88210,88020,86250,89470,94770,95570,99960,97500,90780,102160,100450,95490,100070,108080,110240,109650,97990,84900,70650,67750,72700,74560,75260,77880,68730,67640,69700,77020,79230,65800,68790,78530,83750
Argentina,ARG,"GNI per capita, PPP (current international $)",NY.GNP.PCAP.PP.CD,,,,,,,,,,,,,,,,,,,,,,,,,,,,,,,6870,7740,8540,9390,9990,9750,10320,11200,11590,11210,11240,10840,9480,10530,10810,11980,14410,16080,16910,15750,17450,18770,19170,19680,19250,19680,19800,22910,23620,22610,21700,25560,28490,28710
Armenia,ARM,"GNI per capita, PPP (current international $)",NY.GNP.PCAP.PP.CD,,,,,,,,,,,,,,,,,,,,,,,,,,,,,,,2660,2470,1250,1440,1580,1810,1960,2140,2290,2420,2650,3000,3500,4090,4710,5570,6570,7780,8580,7340,7700,8160,9650,10450,10610,10600,11290,13050,13700,15940,15280,16400,19560,22440
American Samoa,ASM,"GNI per capita, PPP (current international $)",NY.GNP.PCAP.PP.CD,,,,,,,,,,,,,,,,,,,,,,,,,,,,,,,,,,,,,,,,,,,,,,,,,,,,,,,,,,,,,,,,
Antigua and Barbuda,ATG,"GNI per capita, PPP (current international $)",NY.GNP.PCAP.PP.CD,,,,,,,,,,,,,,,,,,,,,,,,,,,,,,,11660,12680,13010,14000,14950,14290,15290,16210,16910,17460,18240,17360,17640,18850,20250,22180,25430,28140,28330,24650,22610,22290,20820,20500,20610,19640,19800,20160,23210,25220,22070,24620,28280,30350
Australia,AUS,"GNI per capita, PPP (current international $)",NY.GNP.PCAP.PP.CD,,,,,,,,,,,,,,,,,,,,,,,,,,,,,,,16780,17120,17550,18710,19730,20310,21350,22350,23610,24690,25780,26870,28250,29270,30860,31810,33490,35020,36000,38900,37840,40340,41560,44790,45690,45350,46170,47090,48670,50970,52840,56780,62900,66260
Austria,AUT,"GNI per capita, PPP (current international $)",NY.GNP.PCAP.PP.CD,,,,,,,,,,,,,,,,,,,,,,,,,,,,,,,19550,20590,21330,21780,22660,23590,24540,25300,26510,27170,29120,29310,31000,32070,33730,34940,37750,39400,41660,40900,42350,44600,46500,48050,48860,49370,52680,53670,56380,60400,59220,64410,70930,73520
Azerbaijan,AZE,"GNI per capita, PPP (current international $)",NY.GNP.PCAP.PP.CD,,,,,,,,,,,,,,,,,,,,,,,,,,,,,,,5260,5330,4150,3230,2610,2310,2360,2520,2790,3120,3320,3680,4030,4480,4860,5970,8140,10020,11640,12940,13800,13790,15090,16410,17060,14590,13660,13770,14550,16030,15070,19690,21020,22640
Burundi,BDI,"GNI per capita, PPP (current international $)",NY.GNP.PCAP.PP.CD,,,,,,,,,,,,,,,,,,,,,,,,,,,,,,,600,640,650,640,630,550,520,520,540,530,540,530,550,530,550,560,590,610,620,610,630,640,660,710,740,820,800,790,780,810,820,870,920,950
Belgium,BEL,"GNI per capita, PPP (current international $)",NY.GNP.PCAP.PP.CD,,,,,,,,,,,,,,,,,,,,,,,,,,,,,,,18730,19720,20390,20800,22030,22920,23270,24310,24960,26030,28500,29340,30810,31530,32510,33590,35770,37310,38800,38450,40440,41010,43270,44750,45870,46850,49060,50900,53000,57170,56330,62770,69310,71990
Benin,BEN,"GNI per capita, PPP (current international $)",NY.GNP.PCAP.PP.CD,,,,,,,,,,,,,,,,,,,,,,,,,,,,,,,1200,1260,1270,1330,1330,1420,1470,1540,1580,1640,1720,1800,1850,1890,1970,2010,2080,2200,2290,2290,2290,2350,2420,2590,2760,2810,2930,2960,3040,3230,3320,3560,3920,4220
Burkina Faso,BFA,"GNI per capita, PPP (current international $)",NY.GNP.PCAP.PP.CD,,,,,,,,,,,,,,,,,,,,,,,,,,,,,,,570,620,620,640,650,680,760,800,840,890,900,950,970,1030,1070,1160,1250,1290,1350,1350,1410,1470,1540,1600,1590,1620,1800,1970,2010,2130,2290,2350,2510,2610
Bangladesh,BGD,"GNI per capita, PPP (current international $)",NY.GNP.PCAP.PP.CD,,,,,,,,,,,,,,,,,,,,,,,,,,,,,,,990,1040,1110,1170,1220,1280,1340,1400,1470,1530,1620,1700,1780,1860,1990,2150,2360,2580,2790,2930,3100,3330,3750,4000,4250,4480,4820,5060,5700,6270,6870,7750,8690,9430
Bulgaria,BGR,"GNI per capita, PPP (current international $)",NY.GNP.PCAP.PP.CD,,,,,,,,,,,,,,,,,,,,,,,,,,,,,,,6950,6480,6800,6900,7190,7560,6630,5570,6060,5730,6270,6970,8100,8550,9310,10320,11130,11880,13650,13730,14640,15250,16110,16280,17460,17820,19450,20980,22260,24800,24850,28240,34300,37380
Bahrain,BHR,"GNI per capita, PPP (current international $)",NY.GNP.PCAP.PP.CD,,,,,,,,,,,,,,,,,,,,,,,,,,,,,,,23820,26190,26680,28490,27890,29640,30620,30100,31310,31700,38390,38750,38910,40990,42090,43630,44710,46740,46360,41820,43510,43420,52080,51830,49720,43560,43030,46540,47440,50570,47790,50850,57970,60090
"Bahamas, The",BHS,"GNI per capita, PPP (current international $)",NY.GNP.PCAP.PP.CD,,,,,,,,,,,,,,,,,,,,,,,,,,,,,,,19890,19290,18920,18840,19450,22450,24580,21500,22280,24140,25320,26020,26870,26790,27430,28770,29890,30700,30570,28830,28980,29380,29770,28760,29550,29780,29800,31510,31630,32890,24100,27240,31920,33790
Bosnia and Herzegovina,BIH,"GNI per capita, PPP (current international $)",NY.GNP.PCAP.PP.CD,,,,,,,,,,,,,,,,,,,,,,,,,,,,,,,890,830,840,910,1120,1340,2100,2870,4060,4340,4520,4650,5050,5150,5910,6210,7090,7930,8910,9030,9240,9840,10190,10930,11240,11900,12890,13470,14720,16330,16180,18160,20760,22790
Belarus,BLR,"GNI per capita, PPP (current international $)",NY.GNP.PCAP.PP.CD,,,,,,,,,,,,,,,,,,,,,,,,,,,,,,,5230,5340,4920,4650,4190,3850,4050,4600,5060,5340,5780,6220,6690,7380,8490,9670,10970,12220,13720,13740,15050,16380,17710,18350,18470,17360,16990,17720,19300,21640,23860,26600,27280,29640
Belize,BLZ,"GNI per capita, PPP (current international $)",NY.GNP.PCAP.PP.CD,,,,,,,,,,,,,,,,,,,,,,,,,,,,,,,4390,4970,5580,5920,5870,5920,5890,6060,6100,6500,7180,7380,7680,8200,8420,8670,9060,9200,8950,9130,8870,9080,8570,8830,8730,9040,8870,8580,8830,9720,9270,11190,12660,13710
Bermuda,BMU,"GNI per capita, PPP (current international $)",NY.GNP.PCAP.PP.CD,,,,,,,,,,,,,,,,,,,,,,,,,,,,,,,,,,,,,,,,,,,,,,,,,,,72190,71790,70940,73180,72880,76530,81280,88780,88650,92510,88330,97550,112650,
Bolivia,BOL,"GNI per capita, PPP (current international $)",NY.GNP.PCAP.PP.CD,,,,,,,,,,,,,,,,,,,,,,,,,,,,,,,2180,2330,2400,2510,2650,2780,2900,3060,3210,3190,3270,3350,3420,3480,3640,3870,4130,4340,4640,4710,4850,5140,5490,6140,6640,6860,7360,8190,8660,8910,8120,9110,9940,10490
Brazil,BRA,"GNI per capita, PPP (current international $)",NY.GNP.PCAP.PP.CD,,,,,,,,,,,,,,,,,,,,,,,,,,,,,,,6440,6640,6670,7010,7350,7900,8100,8370,8330,8280,8740,8910,9190,9390,10100,10640,11320,12260,12960,12930,13820,14600,14590,15250,15270,14290,13760,14030,14740,15320,15430,17120,18840,19990
Barbados,BRB,"GNI per capita, PPP (current international $)",NY.GNP.PCAP.PP.CD,,,,,,,,,,,,,,,,,,,,,,,,,,,,,,,9440,9390,9070,9290,9630,9960,10490,11210,11750,11870,12630,12510,12720,13160,13760,14520,15570,16620,16780,16110,16190,15690,15180,15150,14980,15290,15690,15550,16170,16590,14480,14470,17380,18550
Brunei Darussalam,BRN,"GNI per capita, PPP (current international $)",NY.GNP.PCAP.PP.CD,,,,,,,,,,,,,,,,,,,,,,,,,,,,,,,55170,57100,59520,59550,61180,63700,65180,63870,62830,64280,66220,68180,70530,72630,73630,74930,79320,80720,79360,77370,78220,80090,84940,82220,81170,65980,61060,65700,66090,71970,72820,79870,81060,87550
Bhutan,BTN,"GNI per capita, PPP (current international $)",NY.GNP.PCAP.PP.CD,,,,,,,,,,,,,,,,,,,,,,,,,,,,,,,1600,1580,1700,1890,2080,2130,2280,2470,2420,2520,3100,3320,3580,3810,4010,4370,4740,5520,5740,6070,6700,7280,7770,7940,8540,9360,10190,10690,10920,11790,11710,12660,14240,
Botswana,BWA,"GNI per capita, PPP (current international $)",NY.GNP.PCAP.PP.CD,,,,,,,,,,,,,,,,,,,,,,,,,,,,,,,5650,6390,6610,6990,6340,7080,7090,7830,8230,8300,8360,8730,8210,8950,9150,9950,11280,12290,12470,11020,11660,12890,12320,12280,13980,13060,14100,13560,13430,14110,14220,16500,17980,19140
Central African Republic,CAF,"GNI per capita, PPP (current international $)",NY.GNP.PCAP.PP.CD,,,,,,,,,,,,,,,,,,,,,,,,,,,,,,,620,620,580,570,590,630,600,630,650,670,640,680,690,660,700,710,750,790,800,870,910,950,1030,690,680,750,800,890,930,1000,1060,1130,1170,1200
Canada,CAN,"GNI per capita, PPP (current international $)",NY.GNP.PCAP.PP.CD,,,,,,,,,,,,,,,,,,,,,,,,,,,,,,,19500,19550,19890,20710,21820,22680,23250,24480,25430,26900,28590,29380,30180,31560,33200,35590,37510,38990,39780,38190,39310,40880,41540,43630,45020,43980,45900,47700,49130,49900,48240,55300,61230,60700
Central Europe and the Baltics,CEB,"GNI per capita, PPP (current international $)",NY.GNP.PCAP.PP.CD,,,,,,,,,,,,,,,,,,,,,,,,,,,,,,,7248.016599,6739.562243,6621.232181,6848.865867,7291.915009,7885.918198,8294.863188,8573.812033,8963.598342,9240.693433,9865.381688,10643.30248,11497.18597,12050.45188,13003.63207,13897.40849,15346.46856,16981.2171,19011.47874,19116.74312,20123.38437,21477.17967,22317.78148,23129.03696,24153.94071,25234.28092,26813.97227,28829.10725,30918.8885,34303.97195,34835.90062,38533.67692,43671.97756,46609.25945
Switzerland,CHE,"GNI per capita, PPP (current international $)",NY.GNP.PCAP.PP.CD,,,,,,,,,,,,,,,,,,,,,,,,,,,,,,,28990,29350,29590,30120,30650,31500,32270,34090,35400,36590,39020,39220,39640,41170,42560,44860,49560,51130,50260,53740,57260,57830,60440,62660,63350,65920,66960,67250,68130,71170,70510,80310,88910,90080
Channel Islands,CHI,"GNI per capita, PPP (current international $)",NY.GNP.PCAP.PP.CD,,,,,,,,,,,,,,,,,,,,,,,,,,,,,,,,,,,,,,,,,,,,,,,,,,,,,,,,,,,,,,,,
Chile,CHL,"GNI per capita, PPP (current international $)",NY.GNP.PCAP.PP.CD,,,,,,,,,,,,,,,,,,,,,,,,,,,,,,,4200,4620,5300,5820,6180,6970,7710,8320,8730,8670,9140,9550,9850,10270,10870,11680,14000,15220,15250,15010,16930,18560,20400,21430,21770,22130,22840,23590,24520,24860,23860,27410,30080,31590
China,CHN,"GNI per capita, PPP (current international $)",NY.GNP.PCAP.PP.CD,,,,,,,,,,,,,,,,,,,,,,,,,,,,,,,980,1100,1260,1450,1660,1830,2030,2240,2410,2620,2880,3160,3500,3910,4420,5020,5830,6840,7630,8290,9220,10200,11210,11910,12720,13140,13810,14730,15940,17210,17750,20260,22360,24380
Cote d'Ivoire,CIV,"GNI per capita, PPP (current international $)",NY.GNP.PCAP.PP.CD,,,,,,,,,,,,,,,,,,,,,,,,,,,,,,,2480,2500,2480,2440,2480,2620,1830,1940,1990,2010,1880,1840,1810,1750,1860,2060,2110,2150,2280,2340,2460,2250,2510,2690,4260,4610,4750,4900,5180,5780,5800,6320,7000,7480
Cameroon,CMR,"GNI per capita, PPP (current international $)",NY.GNP.PCAP.PP.CD,,,,,,,,,,,,,,,,,,,,,,,,,,,,,,,1940,1840,1780,1640,1650,1680,1740,1800,1870,1940,1970,2030,2110,2260,2450,2500,2640,2730,2800,2840,2860,2930,2980,3150,3320,3410,3530,3660,3890,4110,4230,4660,4990,5270
"Congo, Dem. Rep.",COD,"GNI per capita, PPP (current international $)",NY.GNP.PCAP.PP.CD,,,,,,,,,,,,,,,,,,,,,,,,,,,,,,,780,620,630,560,490,470,510,480,460,430,420,400,410,430,460,480,510,540,550,560,590,620,620,670,760,820,920,1010,1070,1140,1140,1310,1450,1620
"Congo, Rep.",COG,"GNI per capita, PPP (current international $)",NY.GNP.PCAP.PP.CD,,,,,,,,,,,,,,,,,,,,,,,,,,,,,,,2900,3000,3180,2920,2890,2120,2170,2610,2820,2520,2700,2750,2910,2970,2840,3270,3910,3580,3920,4450,4790,4680,5760,5730,5850,4720,3900,3890,5320,5190,4790,6070,6270,6550
Colombia,COL,"GNI per capita, PPP (current international $)",NY.GNP.PCAP.PP.CD,,,,,,,,,,,,,,,,,,,,,,,,,,,,,,,4880,5070,5300,5660,6050,6380,6490,6710,6730,6440,6610,6740,6900,7150,7620,8200,8890,9590,9940,10050,10460,11200,11610,12310,12940,13120,13820,14090,14790,15740,15280,17310,20600,21420
Comoros,COM,"GNI per capita, PPP (current international $)",NY.GNP.PCAP.PP.CD,,,,,,,,,,,,,,,,,,,,,,,,,,,,,,,1510,1440,1580,1620,1530,1580,1560,1610,1610,1640,1820,1870,1890,1930,1980,2060,2140,2180,2260,2300,2370,2460,2660,2820,2940,2950,3140,3340,3300,3310,3260,3440,3710,3860
Cabo Verde,CPV,"GNI per capita, PPP (current international $)",NY.GNP.PCAP.PP.CD,,,,,,,,,,,,,,,,,,,,,,,,,,,,,,,1080,1110,1230,1330,1570,1780,1970,2180,2420,2660,3020,3150,3280,3450,3840,4130,4520,5370,5760,5660,5670,5970,5820,5850,5750,6070,6530,6980,6960,7560,5930,6660,8310,9050
Costa Rica,CRI,"GNI per capita, PPP (current international $)",NY.GNP.PCAP.PP.CD,,,,,,,,,,,,,,,,,,,,,,,,,,,,,,,4740,4980,5440,5830,6150,6360,6450,6760,7090,7210,7440,7730,7980,8350,8860,9410,10350,11380,12070,11710,12340,12970,13800,14450,15480,16520,18110,19110,20010,21590,20450,22150,24240,25800
Caribbean small states,CSS,"GNI per capita, PPP (current international $)",NY.GNP.PCAP.PP.CD,,,,,,,,,,,,,,,,,,,,,,,,,,,,,,,6846.965789,7001.253548,7228.262142,7427.233978,7807.914156,8361.18793,8943.265246,8890.617488,9169.079898,9531.851556,9998.200093,10145.59859,10538.03592,10882.87195,11423.15976,12100.50028,12908.04903,13768.98358,14112.1197,13851.71691,14054.04032,14429.13108,14775.15372,15145.52407,15365.10413,15534.93489,15225.14852,16056.78628,16557.15602,17589.45605,15897.53376,18584.94461,24482.58162,28910.15243
Cuba,CUB,"GNI per capita, PPP (current international $)",NY.GNP.PCAP.PP.CD,,,,,,,,,,,,,,,,,,,,,,,,,,,,,,,,,,,,,,,,,,,,,,,,,,,,,,,,,,,,,,,,
Curacao,CUW,"GNI per capita, PPP (current international $)",NY.GNP.PCAP.PP.CD,,,,,,,,,,,,,,,,,,,,,,,,,,,,,,,,,,,,,,,,,,,,,,24480,25060,25860,26030,25510,25860,25940,24600,24150,23820,23690,23200,24040,24480,25500,21950,25460,29470,
Cayman Islands,CYM,"GNI per capita, PPP (current international $)",NY.GNP.PCAP.PP.CD,,,,,,,,,,,,,,,,,,,,,,,,,,,,,,,,,,,,,,,,,,,,,,,,,,,62800,64500,44030,38520,37040,38430,42080,46240,50950,54850,46070,52920,60120,
Cyprus,CYP,"GNI per capita, PPP (current international $)",NY.GNP.PCAP.PP.CD,,,,,,,,,,,,,,,,,,,,,,,,,,,,,,,13260,13460,14650,14750,15610,16220,16480,16800,19320,18530,19460,21240,22770,23290,24490,26320,28350,30780,34260,33790,33030,34280,31700,30050,29350,31700,34450,37240,39190,42270,39810,44210,49730,51330
Czechia,CZE,"GNI per capita, PPP (current international $)",NY.GNP.PCAP.PP.CD,,,,,,,,,,,,,,,,,,,,,,,,,,,,,,,12640,11570,11770,12130,12740,13740,14470,14600,14760,15110,15920,17130,17600,18880,19940,21070,22430,24600,26270,25840,25790,26660,27370,28860,30270,31570,33660,36630,38890,42150,41730,46440,49350,51370
Germany,DEU,"GNI per capita, PPP (current international $)",NY.GNP.PCAP.PP.CD,,,,,,,,,,,,,,,,,,,,,,,,,,,,,,,19660,21060,21770,21900,22780,23520,24070,24520,25200,26110,27050,28180,28870,29610,31520,32060,34740,36820,38160,37640,39730,43630,44400,46040,47950,48690,51830,54340,57060,60430,59560,64330,69210,72110
Djibouti,DJI,"GNI per capita, PPP (current international $)",NY.GNP.PCAP.PP.CD,,,,,,,,,,,,,,,,,,,,,,,,,,,,,,,,,,,,,,,,,,,,,,,,,,,,,,3830,4110,4460,4560,4730,5120,5310,5500,5930,6730,7040
Dominica,DMA,"GNI per capita, PPP (current international $)",NY.GNP.PCAP.PP.CD,,,,,,,,,,,,,,,,,,,,,,,,,,,,,,,4240,4420,4630,4870,4890,5100,5270,5540,5880,5810,5850,6300,6140,6670,6960,7300,8220,8900,9780,9850,10130,10300,10030,10040,10800,10820,11660,11510,12840,14230,12960,14490,16340,17650
Denmark,DNK,"GNI per capita, PPP (current international $)",NY.GNP.PCAP.PP.CD,,,,,,,,,,,,,,,,,,,,,,,,,,,,,,,17610,18380,19190,19720,21190,22270,23270,24470,25450,26370,28010,29010,30260,30550,32980,34430,37790,39210,41740,40730,43700,45340,45820,48210,49640,50550,53250,56570,59080,62550,64600,72640,80530,79390
Dominican Republic,DOM,"GNI per capita, PPP (current international $)",NY.GNP.PCAP.PP.CD,,,,,,,,,,,,,,,,,,,,,,,,,,,,,,,3540,3610,4020,4270,4420,4680,4990,5440,5760,6080,6420,6620,6930,6710,6860,7870,8780,9550,10050,10090,10910,11300,11380,11890,12890,14270,15650,16270,17360,18840,18160,20830,23440,24460
Algeria,DZA,"GNI per capita, PPP (current international $)",NY.GNP.PCAP.PP.CD,,,,,,,,,,,,,,,,,,,,,,,,,,,,,,,7310,7150,7350,7270,7170,7370,7660,7810,8210,8430,8800,9330,9760,10480,11030,11780,12400,13240,13670,13660,14330,14670,14450,14290,14580,13690,13520,13520,13620,13800,12640,14400,15650,16790
East Asia & Pacific (excluding high income),EAP,"GNI per capita, PPP (current international $)",NY.GNP.PCAP.PP.CD,,,,,,,,,,,,,,,,,,,,,,,,,,,,,,,1432.821211,1571.489262,1747.244361,1952.414197,2176.72256,2385.41105,2612.003804,2803.764349,2814.579457,2982.572506,3244.345632,3511.486067,3817.885428,4193.369707,4648.22411,5188.505798,5889.160279,6731.474355,7393.27367,7893.719645,8676.842317,9487.611581,10350.9152,10930.30674,11567.32464,11891.2193,12475.4819,13252.32431,14303.88993,15382.05588,15634.65658,17506.04308,19395.57152,21080.09871
Early-demographic dividend,EAR,"GNI per capita, PPP (current international $)",NY.GNP.PCAP.PP.CD,,,,,,,,,,,,,,,,,,,,,,,,,,,,,,,2918.171028,3099.771749,3230.6328,3313.737601,3409.815975,3533.250602,3727.295832,3882.529908,3849.443983,3912.27374,4104.747112,4216.889139,4301.398182,4540.087768,4874.42542,5248.489457,5714.668695,6155.297101,6445.442229,6530.504098,6925.705047,7330.924546,7696.969813,7920.087198,8148.531564,8257.704413,8563.894853,8981.129041,9483.058358,9791.473737,9549.255183,10616.99715,11993.26179,12944.70075
East Asia & Pacific,EAS,"GNI per capita, PPP (current international $)",NY.GNP.PCAP.PP.CD,,,,,,,,,,,,,,,,,,,,,,,,,,,,,,,3236.484674,3476.623009,3700.155575,3954.026384,4239.225222,4535.786579,4858.151661,5114.759622,5097.104843,5323.716832,5731.142004,6046.595986,6424.547703,6854.857722,7442.946649,8078.880382,8909.827615,9872.017936,10510.42251,10847.66987,11771.86205,12633.70332,13528.63812,14229.21217,14868.59807,15292.05266,15841.40529,16659.31736,17718.63212,18795.61914,19059.83178,21131.29603,23225.81352,25049.72184
Europe & Central Asia (excluding high income),ECA,"GNI per capita, PPP (current international $)",NY.GNP.PCAP.PP.CD,,,,,,,,,,,,,,,,,,,,,,,,,,,,,,,6337.901023,6202.584656,5909.155883,5831.828425,5239.145071,5319.173093,5541.229552,5891.578851,5197.9594,5194.002688,5627.585272,5828.488901,6164.855541,6587.140117,7453.582629,8164.594566,9272.094535,10318.50527,11107.82398,10770.48147,11751.78439,12874.40018,13711.03276,14963.73299,15514.21836,15953.0549,16404.90401,17214.63602,17763.46851,18773.54914,19290.51187,21318.19308,24429.38205,27375.76925
Europe & Central Asia,ECS,"GNI per capita, PPP (current international $)",NY.GNP.PCAP.PP.CD,,,,,,,,,,,,,,,,,,,,,,,,,,,,,,,11881.73197,12129.69939,12129.97624,12226.50226,12447.66876,12824.98006,13271.17119,13865.93877,14148.6491,14700.87814,15839.12998,16631.79882,17405.10259,18073.27537,19224.07981,20270.67942,22389.28516,23920.85896,25430.40306,24834.99489,25958.54885,27489.70146,28258.36112,29513.04497,30242.77482,30652.8714,32045.89935,33774.40478,35495.48849,38062.78055,37457.59739,42270.19598,46656.16159,49423.44319
Ecuador,ECU,"GNI per capita, PPP (current international $)",NY.GNP.PCAP.PP.CD,,,,,,,,,,,,,,,,,,,,,,,,,,,,,,,4260,4560,4730,4880,5120,5270,5340,5590,5700,5270,5300,5680,6020,6200,6660,7160,7610,7840,8510,8530,8890,9670,10150,11200,11720,10730,10720,11570,11890,12190,11100,13240,14880,15510
"Egypt, Arab Rep.",EGY,"GNI per capita, PPP (current international $)",NY.GNP.PCAP.PP.CD,,,,,,,,,,,,,,,,,,,,,,,,,,,,,,,3550,3740,3900,4010,4160,4360,4560,4790,5030,5270,5610,5850,5900,6070,6350,6700,7300,7900,8460,8670,8850,8940,10310,10460,10220,10920,10720,11120,12260,13140,15040,15360,17180,17990
Euro area,EMU,"GNI per capita, PPP (current international $)",NY.GNP.PCAP.PP.CD,,,,,,,,,,,,,,,,,,,,,,,,,,,,,,,16983.15489,17815.5313,18307.89187,18544.02627,19306.08764,20192.39866,20860.99908,21709.93267,22692.80135,23593.61393,25050.46044,26179.18975,27129.157,27620.99104,28847.1958,29883.65187,32401.06561,34192.82438,35307.4105,34624.00174,35647.00842,37347.20752,37765.18762,38998.20841,39938.45971,40862.48745,43459.98266,45569.1323,47660.56103,51176.57788,49365.2004,54703.53852,59750.26493,62766.44635
Eritrea,ERI,"GNI per capita, PPP (current international $)",NY.GNP.PCAP.PP.CD,,,,,,,,,,,,,,,,,,,,,,,,,,,,,,,,,960,1080,1290,1300,1350,1470,1510,1510,1460,1580,1590,1510,1500,1560,1570,1610,1440,1460,1480,1610,,,,,,,,,,,,
Spain,ESP,"GNI per capita, PPP (current international $)",NY.GNP.PCAP.PP.CD,,,,,,,,,,,,,,,,,,,,,,,,,,,,,,,13520,14300,14680,14850,15260,16140,16730,17700,18850,19770,21430,22640,24100,24840,25900,27230,30150,31680,32340,31480,31220,31310,31470,32230,33420,34910,37400,39570,40780,43820,39070,43960,48920,52420
Estonia,EST,"GNI per capita, PPP (current international $)",NY.GNP.PCAP.PP.CD,,,,,,,,,,,,,,,,,,,,,,,,,,,,,,,7190,6870,5620,5570,5690,6260,6810,7590,8210,8190,9070,9810,11050,12370,13720,15870,18280,20480,21610,19850,20450,23300,24920,26800,28120,28530,30620,32990,35640,39070,39490,43940,46760,47350
Ethiopia,ETH,"GNI per capita, PPP (current international $)",NY.GNP.PCAP.PP.CD,,,,,,,,,,,,,,,,,,,,,,,,,,,,,,,410,380,340,380,390,410,450,460,430,450,470,510,510,490,560,630,700,780,860,910,1010,1110,1190,1270,1500,1650,1880,2020,2110,2260,2430,2610,2880,3100
European Union,EUU,"GNI per capita, PPP (current international $)",NY.GNP.PCAP.PP.CD,,,,,,,,,,,,,,,,,,,,,,,,,,,,,,,14877.76199,15436.60982,15839.65076,16089.00769,16814.76808,17652.30479,18272.12053,18994.03484,19856.34462,20667.45595,21985.63653,23037.87015,23993.73399,24527.34197,25734.01638,26737.84788,29077.09938,30873.85896,32226.59878,31718.8303,32808.82949,34455.4242,34970.6346,36119.94367,37097.45614,38091.86674,40497.49527,42623.52142,44731.99369,48265.21947,47020.12018,52121.02641,57309.27739,60260.55043
Fragile and conflict affected situations,FCS,"GNI per capita, PPP (current international $)",NY.GNP.PCAP.PP.CD,,,,,,,,,,,,,,,,,,,,,,,,,,,,,,,,,,,,,,,,,2666.921926,2775.242206,2726.168225,2613.70665,3021.887004,3254.822068,3522.8396,3799.037959,3947.026197,3905.1903,4055.011645,4054.708862,4310.393597,4494.470811,4535.550515,4381.811674,4440.453185,4576.3872,4846.442837,5078.730238,4956.068837,5132.288204,5348.67814,5539.284174
Finland,FIN,"GNI per capita, PPP (current international $)",NY.GNP.PCAP.PP.CD,,,,,,,,,,,,,,,,,,,,,,,,,,,,,,,17820,17070,16560,16650,17730,19000,19630,21460,23120,24520,26620,27790,28690,28880,31420,32190,34770,37960,40150,38440,39450,41070,41060,41660,42180,42920,45140,47590,49780,52840,54540,58690,63180,64940
Fiji,FJI,"GNI per capita, PPP (current international $)",NY.GNP.PCAP.PP.CD,,,,,,,,,,,,,,,,,,,,,,,,,,,,,,,3780,3810,4100,4280,4510,4850,5180,5080,5060,5520,5790,5810,6130,6210,6640,6930,6830,7020,7160,7220,7290,7610,8080,8860,10240,11040,11330,11800,12350,12080,10460,9980,12810,14000
France,FRA,"GNI per capita, PPP (current international $)",NY.GNP.PCAP.PP.CD,,,,,,,,,,,,,,,,,,,,,,,,,,,,,,,17760,18370,19020,19280,20050,20830,21530,22510,23660,24790,26500,27990,28820,28540,29460,31020,33110,34800,35860,35470,36730,38430,38500,40410,41010,41730,43830,45580,47620,52340,49880,55020,58610,62130
Faroe Islands,FRO,"GNI per capita, PPP (current international $)",NY.GNP.PCAP.PP.CD,,,,,,,,,,,,,,,,,,,,,,,,,,,,,,,,,,,,,,,,,,,,,,,,,41430,38740,40420,44530,48450,52260,55020,55180,56260,58250,60660,64140,63410,69830,78740,
"Micronesia, Fed. Sts.",FSM,"GNI per capita, PPP (current international $)",NY.GNP.PCAP.PP.CD,,,,,,,,,,,,,,,,,,,,,,,,,,,,,,,2000,2140,2160,2310,2290,2350,2300,2120,2180,2290,2450,2540,2590,2680,2710,2880,2980,3050,3020,3190,3240,3380,3420,3450,3410,3950,3920,3910,3580,4130,4110,4320,4530,4620
Gabon,GAB,"GNI per capita, PPP (current international $)",NY.GNP.PCAP.PP.CD,,,,,,,,,,,,,,,,,,,,,,,,,,,,,,,10800,11540,10820,11040,11710,12030,12380,12980,13530,12090,11430,11880,12200,12110,11580,12670,11890,12330,11880,11920,12240,12820,13230,13170,14160,13200,13000,13970,14550,14820,13860,16490,19080,19710
United Kingdom,GBR,"GNI per capita, PPP (current international $)",NY.GNP.PCAP.PP.CD,,,,,,,,,,,,,,,,,,,,,,,,,,,,,,,17430,17820,18460,19310,20760,20000,21260,22730,23820,24410,26600,28070,29430,30660,32320,33070,34600,35200,36260,34730,36500,37380,37990,39250,40540,41570,43050,45550,46450,49860,46980,53130,57040,58140
Georgia,GEO,"GNI per capita, PPP (current international $)",NY.GNP.PCAP.PP.CD,,,,,,,,,,,,,,,,,,,,,,,,,,,,,,,5840,4730,2630,1870,1730,1830,2200,2710,2940,3130,3200,3460,3730,4250,4700,5320,6100,6980,7250,7090,7580,8330,9960,10600,11620,11990,12470,13060,14460,16010,16000,17740,20880,23040
Ghana,GHA,"GNI per capita, PPP (current international $)",NY.GNP.PCAP.PP.CD,,,,,,,,,,,,,,,,,,,,,,,,,,,,,,,1560,1660,1720,1800,1850,1920,2000,2070,2140,2210,2280,2370,2450,2550,2700,2880,3030,3220,3490,3590,3790,4260,4720,5040,5200,5000,4780,4880,5250,5710,6060,6340,7010,7370
Gibraltar,GIB,"GNI per capita, PPP (current international $)",NY.GNP.PCAP.PP.CD,,,,,,,,,,,,,,,,,,,,,,,,,,,,,,,,,,,,,,,,,,,,,,,,,,,,,,,,,,,,,,,,
Guinea,GIN,"GNI per capita, PPP (current international $)",NY.GNP.PCAP.PP.CD,,,,,,,,,,,,,,,,,,,,,,,,,,,,,,,850,860,890,940,970,1010,1040,1090,1120,1160,1190,1240,1320,1280,1310,1350,1460,1560,1610,1550,1620,1690,1780,1770,1830,1920,2240,2710,2780,3010,3050,3210,3630,3940
"Gambia, The",GMB,"GNI per capita, PPP (current international $)",NY.GNP.PCAP.PP.CD,,,,,,,,,,,,,,,,,,,,,,,,,,,,,,,1350,1400,1430,1460,1450,1460,1470,1510,1530,1590,1660,1740,1650,1780,1950,1900,1890,1950,2050,2130,2210,2000,2000,1940,1870,1920,1950,1970,2200,2330,2440,2640,2930,3120
Guinea-Bissau,GNB,"GNI per capita, PPP (current international $)",NY.GNP.PCAP.PP.CD,,,,,,,,,,,,,,,,,,,,,,,,,,,,,,,800,830,840,850,870,920,1030,1100,840,980,980,1040,1080,1070,1090,1170,1210,1240,1290,1300,1370,1450,1360,1400,1500,1770,1850,2100,1990,2130,2120,2300,2520,2670
Equatorial Guinea,GNQ,"GNI per capita, PPP (current international $)",NY.GNP.PCAP.PP.CD,,,,,,,,,,,,,,,,,,,,,,,,,,,,,,,620,620,840,910,900,970,1550,4030,4450,5740,5210,5640,7180,6820,8550,12320,20240,23230,24660,21390,16690,19120,21560,20650,19970,15860,13910,14620,15170,12970,11080,13550,12690,13420
Greece,GRC,"GNI per capita, PPP (current international $)",NY.GNP.PCAP.PP.CD,,,,,,,,,,,,,,,,,,,,,,,,,,,,,,,13590,14370,14740,14710,15250,15830,16390,17320,18120,18260,19650,21120,22610,23830,25160,25620,28020,28570,29940,29680,27290,24960,25120,25990,26800,26740,27380,28460,29290,31330,28970,32760,38520,40880
Grenada,GRD,"GNI per capita, PPP (current international $)",NY.GNP.PCAP.PP.CD,,,,,,,,,,,,,,,,,,,,,,,,,,,,,,,4400,4670,4710,4620,4760,4850,5110,5420,6030,6480,6830,6710,6960,7760,7660,9560,9400,10040,10290,9290,9600,9910,9850,10540,10760,11250,12190,12820,13690,13990,12590,13060,15270,16550
Greenland,GRL,"GNI per capita, PPP (current international $)",NY.GNP.PCAP.PP.CD,,,,,,,,,,,,,,,,,,,,,,,,,,,,,,,19010,19710,19150,18760,20440,21850,22830,23530,25660,26390,28920,29760,29810,28980,31250,34620,34610,40270,,,,,,,,,,,,,,,,
Guatemala,GTM,"GNI per capita, PPP (current international $)",NY.GNP.PCAP.PP.CD,,,,,,,,,,,,,,,,,,,,,,,,,,,,,,,3220,3420,3560,3710,3840,4020,4090,4250,4430,4540,4700,4840,4930,5050,5220,5440,5770,6160,6420,6350,6450,6720,7260,7690,8220,8950,9250,9640,10040,10880,11070,11810,13020,13820
Guam,GUM,"GNI per capita, PPP (current international $)",NY.GNP.PCAP.PP.CD,,,,,,,,,,,,,,,,,,,,,,,,,,,,,,,,,,,,,,,,,,,,,,,,,,,,,,,,,,,,,,,,
Guyana,GUY,"GNI per capita, PPP (current international $)",NY.GNP.PCAP.PP.CD,,,,,,,,,,,,,,,,,,,,,,,,,,,,,,,2700,2820,3240,3730,4210,4530,5100,5440,5450,5630,5760,5990,6140,6270,6580,6700,7130,8080,8400,8790,9390,10070,10720,11320,11260,11530,11570,12300,12470,13270,16540,21900,36660,50060
High income,HIC,"GNI per capita, PPP (current international $)",NY.GNP.PCAP.PP.CD,,,,,,,,,,,,,,,,,,,,,,,,,,,,,,,16780.89317,17360.5972,17837.34778,18290.64932,19066.6976,19871.27265,20750.80989,21742.72813,22483.80326,23401.34296,25053.25343,25973.68983,26828.73796,27866.53642,29582.07539,31229.60739,33671.82186,35312.27118,36409.9003,35468.0352,37058.32026,38874.54532,40144.08287,41482.5288,42617.05028,43084.39001,44165.28793,46139.50599,48316.06249,50646.01785,49497.70302,55331.37474,60388.40004,63398.39633
"Hong Kong SAR, China",HKG,"GNI per capita, PPP (current international $)",NY.GNP.PCAP.PP.CD,,,,,,,,,,,,,,,,,,,,,,,,,,,,,,,17740,19130,20580,22900,24170,24930,24880,26590,25610,26390,28450,29470,29800,31980,35270,38280,42730,46710,49590,47240,50240,53710,52900,54530,55640,57080,58190,61840,63800,64310,61580,70450,73080,77880
Honduras,HND,"GNI per capita, PPP (current international $)",NY.GNP.PCAP.PP.CD,,,,,,,,,,,,,,,,,,,,,,,,,,,,,,,1900,1830,1920,2080,2070,2180,2200,2300,2360,2330,2480,2530,2580,2660,2810,3020,3230,3510,3650,3550,3550,3660,3710,3820,4070,4490,4800,5260,5180,5310,5000,5690,6290,6680
Heavily indebted poor countries (HIPC),HPC,"GNI per capita, PPP (current international $)",NY.GNP.PCAP.PP.CD,,,,,,,,,,,,,,,,,,,,,,,,,,,,,,,1036.111357,1034.416806,1034.686448,1044.623993,1038.567067,1080.463678,1104.937889,1163.14885,1189.507221,1211.03951,1239.729526,1282.38857,1320.933274,1369.091518,1443.432179,1536.865402,1632.126206,1729.470277,1812.761047,1853.709967,1916.07832,1985.756226,1991.677172,2075.164845,2265.459365,2329.26,2427.285233,2499.830311,2603.76998,2734.412625,2742.091887,2911.894787,3166.696342,3344.548322
Croatia,HRV,"GNI per capita, PPP (current international $)",NY.GNP.PCAP.PP.CD,,,,,,,,,,,,,,,,,,,,,,,,,,,,,,,9460,7880,7210,6770,7250,8050,8800,9530,9890,9730,10470,11410,12800,13240,14440,15080,17170,19120,20330,19510,19400,20460,20810,21800,22140,23590,24980,27300,28990,32240,31300,37240,42510,45950
Haiti,HTI,"GNI per capita, PPP (current international $)",NY.GNP.PCAP.PP.CD,,,,,,,,,,,,,,,,,,,,,,,,,,,,,,,2170,2240,2130,2020,1790,1980,2060,2110,2140,2190,2210,2210,2230,2310,2300,2400,2490,2630,2710,2850,2690,2860,2830,3040,3070,3020,3250,3340,3190,3230,3090,3120,3240,3260
Hungary,HUN,"GNI per capita, PPP (current international $)",NY.GNP.PCAP.PP.CD,,,,,,,,,,,,,,,,,,,,,,,,,,,,,,,8790,8040,8030,8210,8610,8790,8930,9220,9750,10170,11170,12450,13700,14610,15280,16040,17250,17650,19360,19820,20720,21910,22280,23830,24530,25520,27190,28300,30660,34220,34190,37420,42320,44650
IBRD only,IBD,"GNI per capita, PPP (current international $)",NY.GNP.PCAP.PP.CD,,,,,,,,,,,,,,,,,,,,,,,,,,,,,,,2908.292749,3025.811533,3102.47018,3224.686444,3346.940027,3516.08444,3725.157374,3926.259377,3951.032599,4096.44138,4385.9427,4611.10018,4845.745054,5168.350669,5655.379964,6182.390158,6928.046323,7687.940844,8301.897565,8518.334851,9174.102974,9864.742925,10498.35997,10973.7015,11356.28827,11467.93267,11901.27157,12568.6868,13425.98426,14216.4028,14242.21395,16062.65589,17849.434,19331.74651
IDA & IBRD total,IBT,"GNI per capita, PPP (current international $)",NY.GNP.PCAP.PP.CD,,,,,,,,,,,,,,,,,,,,,,,,,,,,,,,2583.71845,2681.88663,2745.049967,2844.612945,2941.756582,3083.494298,3255.197342,3420.343489,3441.686393,3560.604507,3796.13729,3979.57311,4166.698857,4428.276194,4826.598041,5259.762011,5862.056976,6472.069991,6957.504236,7127.629333,7639.493939,8175.331199,8665.877703,9045.50653,9367.529216,9458.989003,9794.112424,10296.08401,10960.42745,11567.96022,11566.84601,12931.3365,14297.61128,15391.8837
IDA total,IDA,"GNI per capita, PPP (current international $)",NY.GNP.PCAP.PP.CD,,,,,,,,,,,,,,,,,,,,,,,,,,,,,,,1319.683406,1352.364107,1378.080109,1405.30912,1420.155783,1476.781004,1524.869868,1574.895174,1611.496275,1657.895603,1721.067218,1785.348634,1835.655157,1918.583409,2047.118664,2203.440424,2364.862101,2526.404808,2642.614916,2721.713787,2843.382009,2964.639884,3080.611016,3230.20558,3432.893371,3529.823553,3647.965876,3748.836505,3951.592084,4145.777292,4183.913258,4433.07623,4833.45508,5069.003463
IDA blend,IDB,"GNI per capita, PPP (current international $)",NY.GNP.PCAP.PP.CD,,,,,,,,,,,,,,,,,,,,,,,,,,,,,,,,,,,,,,,,,,,,,,,,,3661.007154,3755.228784,3909.949627,4070.724211,4214.72257,4391.297756,4624.295711,4720.895664,4795.269933,4868.698725,5047.424368,5230.483858,5246.312394,5547.728017,6042.281553,6270.930701
Indonesia,IDN,"GNI per capita, PPP (current international $)",NY.GNP.PCAP.PP.CD,,,,,,,,,,,,,,,,,,,,,,,,,,,,,,,2920,3170,3400,3680,4020,4360,4720,4940,4150,4090,4370,4710,4970,5190,5490,5890,6360,6870,7370,7660,8210,8770,9350,9670,9830,9800,10040,10460,11150,11750,11530,12550,14050,15210
IDA only,IDX,"GNI per capita, PPP (current international $)",NY.GNP.PCAP.PP.CD,,,,,,,,,,,,,,,,,,,,,,,,,,,,,,,1000.384363,1017.293767,1033.885879,1065.157325,1069.697512,1120.593877,1152.235733,1211.38723,1248.816415,1288.118217,1345.986172,1402.46136,1453.783271,1522.978387,1618.61523,1742.612428,1876.41329,2017.670813,2135.082502,2205.70096,2309.674501,2410.414481,2512.617479,2649.212475,2838.385069,2937.702137,3082.157775,3200.453158,3418.496749,3621.3346,3672.506842,3898.038686,4254.285802,4496.561772
Isle of Man,IMN,"GNI per capita, PPP (current international $)",NY.GNP.PCAP.PP.CD,,,,,,,,,,,,,,,,,,,,,,,,,,,,,,,,,,,,,,,,,,,,,,,,,,,,,,,,,,,,,,,,
India,IND,"GNI per capita, PPP (current international $)",NY.GNP.PCAP.PP.CD,,,,,,,,,,,,,,,,,,,,,,,,,,,,,,,1190,1210,1280,1350,1440,1550,1670,1740,1830,1990,2070,2180,2260,2440,2660,2920,3200,3500,3620,3870,4170,4430,4780,4970,5150,5380,5760,6100,6670,7110,6900,7990,9070,10030
Not classified,INX,"GNI per capita, PPP (current international $)",NY.GNP.PCAP.PP.CD,,,,,,,,,,,,,,,,,,,,,,,,,,,,,,,,,,,,,,,,,,,,,,,,,,,,,,,,,,,,,,,,
Ireland,IRL,"GNI per capita, PPP (current international $)",NY.GNP.PCAP.PP.CD,,,,,,,,,,,,,,,,,,,,,,,,,,,,,,,12770,13430,13920,14630,15810,17310,18820,20450,22480,23590,26340,27830,29530,31280,33430,35050,38790,40450,38230,34640,36320,36730,37410,40400,43360,53310,58210,62200,65900,70620,73470,85210,96100,98650
"Iran, Islamic Rep.",IRN,"GNI per capita, PPP (current international $)",NY.GNP.PCAP.PP.CD,,,,,,,,,,,,,,,,,,,,,,,,,,,,,,,7590,8530,8790,8810,8770,9040,9670,9850,10020,10230,10890,11210,12190,13370,14050,14720,15720,17240,17390,17370,18350,19000,16870,16040,15790,13840,14680,15180,15000,13430,14160,15040,16570,17900
Iraq,IRQ,"GNI per capita, PPP (current international $)",NY.GNP.PCAP.PP.CD,,,,,,,,,,,,,,,,,,,,,,,,,,,,,,,,2640,3490,4490,4540,4570,5000,5900,7790,8950,10470,10550,9430,6020,9210,9450,10260,10860,11860,11920,12240,12810,14380,14520,13020,9200,8940,10040,11850,12080,10360,12470,14150,14040
Iceland,ISL,"GNI per capita, PPP (current international $)",NY.GNP.PCAP.PP.CD,,,,,,,,,,,,,,,,,,,,,,,,,,,,,,,21150,21730,21290,21820,22730,23180,24070,26130,27960,28850,28840,30880,32470,32140,34060,35840,37310,39560,35660,34990,33710,36170,38330,44090,45410,49110,54530,55910,58160,62220,57640,62050,73180,79290
Israel,ISR,"GNI per capita, PPP (current international $)",NY.GNP.PCAP.PP.CD,,,,,,,,,,,,,,,,,,,,,,,,,,,,,,,15130,16020,17010,17650,18840,20050,20980,21520,22140,22390,24170,24700,25120,23800,25310,25410,26230,28140,27460,27320,28830,30820,31580,34040,34510,35480,37730,39140,40040,41030,40670,45530,51690,53340
Italy,ITA,"GNI per capita, PPP (current international $)",NY.GNP.PCAP.PP.CD,,,,,,,,,,,,,,,,,,,,,,,,,,,,,,,18400,19260,19810,20140,20970,22110,22830,23760,24880,25550,26970,27960,28610,29060,29510,30180,32580,34180,35200,34580,35080,36510,36440,36250,36200,36640,40040,41810,43510,46840,44770,50540,56410,58650
Jamaica,JAM,"GNI per capita, PPP (current international $)",NY.GNP.PCAP.PP.CD,,,,,,,,,,,,,,,,,,,,,,,,,,,,,,,4350,4640,4910,5720,5700,5940,6150,6100,5970,6060,6200,6340,6430,6780,7040,7270,7750,8030,8180,7730,7820,8100,8300,8460,8570,8730,9030,9570,9680,9840,8730,9340,10610,11160
Jordan,JOR,"GNI per capita, PPP (current international $)",NY.GNP.PCAP.PP.CD,,,,,,,,,,,,,,,,,,,,,,,,,,,,,,,4260,4110,4640,4760,4890,5140,5150,5350,5510,5650,6080,6450,6710,7000,7700,8390,8770,9170,9640,9940,9840,10040,10120,10100,9180,8910,8720,9240,9000,9410,9500,9070,9770,10360
Japan,JPN,"GNI per capita, PPP (current international $)",NY.GNP.PCAP.PP.CD,,,,,,,,,,,,,,,,,,,,,,,,,,,,,,,20130,21360,21960,22440,23010,24060,25300,25960,25820,26050,27680,28380,29040,29870,31430,32880,34530,36090,36220,34390,36280,37270,38640,40760,41030,42510,42010,42980,43750,44350,43990,46680,49980,52640
Kazakhstan,KAZ,"GNI per capita, PPP (current international $)",NY.GNP.PCAP.PP.CD,,,,,,,,,,,,,,,,,,,,,,,,,,,,,,,,,,6820,6160,5880,6090,6370,6440,6640,7240,8540,9610,10550,11650,12590,13930,15260,15380,16020,16710,17790,19040,21880,22160,21720,21430,22090,22800,26050,27510,29730,32450,35420
Kenya,KEN,"GNI per capita, PPP (current international $)",NY.GNP.PCAP.PP.CD,,,,,,,,,,,,,,,,,,,,,,,,,,,,,,,1670,1690,1670,1640,1680,1760,1830,1830,1870,1880,1880,1930,1920,1950,2050,2190,2320,2470,2460,2170,2320,2470,2540,2760,2990,3330,3880,4120,4370,4640,4730,5270,5810,6220
Kyrgyz Republic,KGZ,"GNI per capita, PPP (current international $)",NY.GNP.PCAP.PP.CD,,,,,,,,,,,,,,,,,,,,,,,,,,,,,,,,2380,2070,1790,1440,1370,1470,1600,1610,1640,1750,1910,1930,2090,2240,2300,2470,2730,2910,2980,2890,2950,3520,3810,4100,4050,4430,4800,4720,4960,5130,5410,6240,6750
Cambodia,KHM,"GNI per capita, PPP (current international $)",NY.GNP.PCAP.PP.CD,,,,,,,,,,,,,,,,,,,,,,,,,,,,,,,760,810,850,1080,690,760,790,830,860,950,1040,1130,1190,1300,1450,1650,1850,2080,2210,2190,2330,2500,2720,2860,2980,3170,3440,3670,4000,4350,4320,4430,4930,5460
Kiribati,KIR,"GNI per capita, PPP (current international $)",NY.GNP.PCAP.PP.CD,,,,,,,,,,,,,,,,,,,,,,,,,,,,,,,1460,1930,2100,2050,2100,2280,2010,2380,2630,2360,2550,2700,2530,2330,2290,2270,2470,2560,2520,2360,2500,2440,2820,3270,3740,4490,4130,4520,4580,5220,4610,4730,5060,5900
St. Kitts and Nevis,KNA,"GNI per capita, PPP (current international $)",NY.GNP.PCAP.PP.CD,,,,,,,,,,,,,,,,,,,,,,,,,,,,,,,8740,8780,9150,9860,10480,11240,11800,12580,12300,12640,14090,14940,15220,14630,15860,18140,19510,20210,22860,22160,22540,23330,22470,23870,24740,24740,26230,27870,29080,31500,26170,25460,30330,32540
"Korea, Rep.",KOR,"GNI per capita, PPP (current international $)",NY.GNP.PCAP.PP.CD,,,,,,,,,,,,,,,,,,,,,,,,,,,,,,,8350,9470,10170,11020,12160,13450,14640,15640,14780,16620,18410,19590,21320,22020,23730,25010,26810,28990,29950,29460,31780,32750,33910,34460,35500,38020,39720,41120,43220,44240,45540,49120,52380,55040
Kuwait,KWT,"GNI per capita, PPP (current international $)",NY.GNP.PCAP.PP.CD,,,,,,,,,,,,,,,,,,,,,,,,,,,,,,,43960,35190,46100,56860,61690,68500,67320,70330,72510,66770,69840,67330,65350,74940,85340,94340,100680,101370,96940,85350,81320,83380,84940,79510,73000,49330,46240,54200,58090,57130,46650,58120,64170,67730
Latin America & Caribbean (excluding high income),LAC,"GNI per capita, PPP (current international $)",NY.GNP.PCAP.PP.CD,,,,,,,,,,,,,,,,,,,,,,,,,,,,,,,5979.429406,6289.479982,6492.847761,6671.126965,7010.712555,7141.075987,7427.940803,7824.754395,7985.403351,7978.366385,8335.621906,8424.477355,8498.380958,8770.356554,9290.706295,9838.024683,10724.48544,11486.73417,12113.1394,11915.05649,12673.6063,13525.88262,13786.75498,14272.57748,14563.40898,14349.24063,14533.48537,15108.85295,15659.76025,16009.73526,15438.68142,17251.34358,19296.29331,20331.48599
Lao PDR,LAO,"GNI per capita, PPP (current international $)",NY.GNP.PCAP.PP.CD,,,,,,,,,,,,,,,,,,,,,,,,,,,,,,,1010,1060,1110,1180,1260,1340,1430,1490,1530,1660,1720,1830,1950,2030,2230,2470,2630,2920,3120,3390,3540,3830,4500,4950,5550,5830,6470,6780,7190,7320,7470,7650,8140,8640
Lebanon,LBN,"GNI per capita, PPP (current international $)",NY.GNP.PCAP.PP.CD,,,,,,,,,,,,,,,,,,,,,,,,,,,,,,,3650,4630,5500,6000,6590,7080,7780,7790,7930,7900,8100,8280,8230,7470,9290,9990,10450,11780,12700,13610,14640,15040,16220,16420,16130,17070,18830,21060,21660,21230,15850,11090,12490,
Liberia,LBR,"GNI per capita, PPP (current international $)",NY.GNP.PCAP.PP.CD,,,,,,,,,,,,,,,,,,,,,,,,,,,,,,,1090,1100,690,460,370,350,390,700,840,810,860,830,840,580,610,650,710,780,840,870,900,1000,1060,1240,1280,1240,1380,1530,1590,1720,1530,1460,1610,1700
Libya,LBY,"GNI per capita, PPP (current international $)",NY.GNP.PCAP.PP.CD,,,,,,,,,,,,,,,,,,,,,,,,,,,,,,,17930,20920,20340,19600,19980,20130,20820,21130,20620,17630,19680,19220,20710,23450,23980,26720,28950,31340,31100,29330,30250,16110,27650,22160,18640,19360,18180,19410,20220,18290,16470,17930,19580,19670
St. Lucia,LCA,"GNI per capita, PPP (current international $)",NY.GNP.PCAP.PP.CD,,,,,,,,,,,,,,,,,,,,,,,,,,,,,,,6040,6180,6790,6820,7010,7150,7470,7460,7930,8210,8820,8610,8830,9200,9920,10130,11260,11600,12340,12210,12380,13270,13090,13640,13480,13110,14340,15110,16490,17470,14470,17890,21570,22980
Latin America & Caribbean,LCN,"GNI per capita, PPP (current international $)",NY.GNP.PCAP.PP.CD,,,,,,,,,,,,,,,,,,,,,,,,,,,,,,,6044.594809,6391.436909,6625.488945,6813.181304,7123.951998,7294.874702,7583.391427,7998.536219,8162.891121,8139.539374,8505.75327,8620.10537,8640.021534,8865.078041,9463.970333,10069.71965,11031.16121,11856.8785,12470.52545,12240.88105,12965.1849,13816.73357,14132.81829,14647.88109,14949.13634,14782.22078,14996.32212,15604.3225,16184.70094,16584.10306,15979.42732,17900.3016,20035.53353,21121.79551
Least developed countries: UN classification,LDC,"GNI per capita, PPP (current international $)",NY.GNP.PCAP.PP.CD,,,,,,,,,,,,,,,,,,,,,,,,,,,,,,,912.9507768,934.921131,916.7528802,943.5172087,942.591155,1012.572746,1062.244629,1122.528911,1154.330374,1183.01899,1240.625474,1302.965985,1363.84501,1428.31065,1521.528504,1644.938591,1779.524437,1927.320482,2042.602641,2118.503973,2212.707155,2296.86422,2375.053431,2496.005105,2652.836434,2720.251586,2848.24811,2953.736513,3175.123219,3372.025808,3420.213566,3636.752623,3974.889086,4197.8796
Low income,LIC,"GNI per capita, PPP (current international $)",NY.GNP.PCAP.PP.CD,,,,,,,,,,,,,,,,,,,,,,,,,,,,,,,730.5851774,720.5828529,726.3299101,739.3863963,738.4099743,769.3260089,811.3013376,863.6934223,886.881121,898.066255,929.3382965,971.9347099,1003.761763,1043.580984,1102.660154,1178.700477,1255.717431,1341.643357,1397.30037,1434.511575,1493.000236,1506.990478,1458.667687,1524.759801,1667.706381,1740.013579,1849.121848,1889.362993,1950.144871,2033.952227,2020.130188,2083.840242,2244.880445,2355.745675
Liechtenstein,LIE,"GNI per capita, PPP (current international $)",NY.GNP.PCAP.PP.CD,,,,,,,,,,,,,,,,,,,,,,,,,,,,,,,,,,,,,,,,,,,,,,,,,,,,,,,,,,,,,,,,
Sri Lanka,LKA,"GNI per capita, PPP (current international $)",NY.GNP.PCAP.PP.CD,,,,,,,,,,,,,,,,,,,,,,,,,,,,,,,2390,2550,2700,2930,3110,3300,3460,3730,3910,4100,4420,4420,4630,4970,5330,5770,6340,6900,7290,7600,8230,9050,10150,10710,11210,11730,12620,13240,13820,13720,12590,13990,13810,13990
Lower middle income,LMC,"GNI per capita, PPP (current international $)",NY.GNP.PCAP.PP.CD,,,,,,,,,,,,,,,,,,,,,,,,,,,,,,,1490.55729,1542.060551,1594.853373,1654.047275,1734.820117,1845.459586,1955.38799,2032.523816,2124.234567,2244.138735,2336.491988,2448.422393,2531.060518,2689.401651,2906.189911,3153.911866,3429.202915,3717.715186,3882.928563,4074.494257,4321.110671,4549.439038,4895.674203,5106.644649,5310.843419,5514.04649,5782.301857,6069.597705,6544.494521,6946.233705,6895.651599,7591.73581,8507.368837,9196.857625
Low & middle income,LMY,"GNI per capita, PPP (current international $)",NY.GNP.PCAP.PP.CD,,,,,,,,,,,,,,,,,,,,,,,,,,,,,,,2266.359626,2381.873647,2485.782556,2604.091549,2724.369773,2867.079707,3046.469957,3209.670366,3238.664581,3351.447103,3560.531437,3726.632293,3902.302256,4147.309697,4514.86799,4909.15531,5428.512856,5988.851064,6381.896849,6589.475416,7083.867336,7566.368642,8028.96722,8378.164447,8701.223311,8822.97149,9153.574708,9607.729003,10206.41629,10750.79686,10739.36153,11932.817,13233.8769,14252.55778
Lesotho,LSO,"GNI per capita, PPP (current international $)",NY.GNP.PCAP.PP.CD,,,,,,,,,,,,,,,,,,,,,,,,,,,,,,,1230,1280,1310,1310,1380,1400,1490,1540,1520,1580,1630,1950,2000,2110,2130,2150,2220,2650,2760,2640,2730,2700,2650,2890,3070,3370,3320,2960,3110,3010,3030,2870,3180,3270
Late-demographic dividend,LTE,"GNI per capita, PPP (current international $)",NY.GNP.PCAP.PP.CD,,,,,,,,,,,,,,,,,,,,,,,,,,,,,,,2848.083477,2926.786098,2989.987597,3168.066208,3344.259131,3577.731071,3793.817349,4026.804226,4121.427525,4311.083659,4699.600531,5012.928315,5373.056854,5839.997305,6460.671297,7147.139908,8163.936721,9211.493007,10140.88881,10483.88157,11367.55546,12394.68583,13301.85206,14031.03758,14637.56578,14685.44134,15190.26385,16112.02887,17366.18391,18630.95111,18880.38482,21455.57924,23650.04369,25570.60292
Lithuania,LTU,"GNI per capita, PPP (current international $)",NY.GNP.PCAP.PP.CD,,,,,,,,,,,,,,,,,,,,,,,,,,,,,,,8250,8030,6490,5590,5180,5920,6320,6930,7590,7630,8300,9310,10370,11770,12730,14270,16150,18350,20070,18530,19960,22220,23930,26130,27850,27790,29820,32540,35250,39170,39980,44640,49160,50100
Luxembourg,LUX,"GNI per capita, PPP (current international $)",NY.GNP.PCAP.PP.CD,,,,,,,,,,,,,,,,,,,,,,,,,,,,,,,29850,33320,34060,35170,35450,37320,38620,41050,41490,45980,48770,50000,49410,48740,58380,62650,63160,72380,71210,55400,61400,65490,74230,72410,76490,69410,75120,82300,83270,83170,85800,94500,98650,98490
Latvia,LVA,"GNI per capita, PPP (current international $)",NY.GNP.PCAP.PP.CD,,,,,,,,,,,,,,,,,,,,,,,,,,,,,,,7820,7100,5010,4980,5280,5550,5840,6530,7110,7340,8030,9070,10100,11010,12030,13770,15460,17700,19320,18210,17880,19230,21140,22590,23850,24860,26680,28600,30390,32810,33730,36090,41010,41420
"Macao SAR, China",MAC,"GNI per capita, PPP (current international $)",NY.GNP.PCAP.PP.CD,,,,,,,,,,,,,,,,,,,,,,,,,,,,,,,26860,27850,31480,32910,34190,34920,34090,33860,31880,30410,31640,35530,38230,41710,50980,54620,59500,74900,68810,69560,84850,99750,109170,124040,125460,101680,101320,109320,116100,113020,68770,73470,73180,
St. Martin (French part),MAF,"GNI per capita, PPP (current international $)",NY.GNP.PCAP.PP.CD,,,,,,,,,,,,,,,,,,,,,,,,,,,,,,,,,,,,,,,,,,,,,,,,,,,,,,,,,,,,,,,,
Morocco,MAR,"GNI per capita, PPP (current international $)",NY.GNP.PCAP.PP.CD,,,,,,,,,,,,,,,,,,,,,,,,,,,,,,,2680,2920,2880,2870,3210,3040,3450,3400,3650,3720,3840,4180,4360,4670,4970,5240,5740,6030,6420,6540,6760,7160,7170,7440,7080,7660,7720,7970,7660,7900,7610,8460,9070,9600
Monaco,MCO,"GNI per capita, PPP (current international $)",NY.GNP.PCAP.PP.CD,,,,,,,,,,,,,,,,,,,,,,,,,,,,,,,,,,,,,,,,,,,,,,,,,,,,,,,,,,,,,,,,
Moldova,MDA,"GNI per capita, PPP (current international $)",NY.GNP.PCAP.PP.CD,,,,,,,,,,,,,,,,,,,,,,,,,,,,,,,6960,6030,4370,4420,3100,3120,3110,3220,3010,2980,3170,3520,3940,4350,4880,5420,5790,6030,6660,6100,6790,7310,7940,9020,9400,9730,10900,11910,12430,14120,13990,15990,16370,17600
Madagascar,MDG,"GNI per capita, PPP (current international $)",NY.GNP.PCAP.PP.CD,,,,,,,,,,,,,,,,,,,,,,,,,,,,,,,1130,1060,1070,1090,1070,1080,1100,1120,1150,1180,1230,1300,1120,1220,1290,1340,1410,1510,1590,1490,1470,1480,1450,1450,1490,1470,1530,1530,1530,1590,1490,1610,1740,1840
Maldives,MDV,"GNI per capita, PPP (current international $)",NY.GNP.PCAP.PP.CD,,,,,,,,,,,,,,,,,,,,,,,,,,,,,,,4080,4010,4260,4400,4840,5880,6330,6810,7290,7720,8110,8000,8590,9700,10440,9420,11730,10880,12020,10910,11240,12220,12630,13530,14980,16160,16850,17680,19230,20130,12020,17110,20820,21720
Middle East & North Africa,MEA,"GNI per capita, PPP (current international $)",NY.GNP.PCAP.PP.CD,,,,,,,,,,,,,,,,,,,,,,,,,,,,,,,7989.636104,8558.30262,8956.287618,9062.500178,9181.663215,9459.547192,9858.229223,10212.72621,10623.8436,10625.53958,11391.02128,11608.54279,11715.85393,12254.8091,13362.91113,14145.76252,15171.1601,16086.53415,16632.82988,16382.32591,16932.09448,17555.84018,18083.66445,17943.80919,17673.90585,16027.52864,15812.71736,16511.45981,17364.02185,17219.04105,16262.57009,17815.32427,19817.53108,20625.88766
Mexico,MEX,"GNI per capita, PPP (current international $)",NY.GNP.PCAP.PP.CD,,,,,,,,,,,,,,,,,,,,,,,,,,,,,,,8470,9000,9390,8950,9350,8710,9280,10020,10590,10890,11550,11610,11690,12000,12600,13110,14370,14860,15570,15090,15890,17170,17790,17800,18530,18740,19700,20060,20470,20500,18850,20590,23310,24970
Marshall Islands,MHL,"GNI per capita, PPP (current international $)",NY.GNP.PCAP.PP.CD,,,,,,,,,,,,,,,,,,,,,,,,,,,,,,,2550,2580,2790,2980,3180,3470,2990,2810,2870,2910,3040,3290,3350,3380,3480,3740,3780,4050,3880,3980,4130,4190,4090,4500,4740,5370,5440,5680,6270,7210,7160,7210,8110,8570
Middle income,MIC,"GNI per capita, PPP (current international $)",NY.GNP.PCAP.PP.CD,,,,,,,,,,,,,,,,,,,,,,,,,,,,,,,2384.398058,2510.028045,2622.992761,2751.483489,2883.033098,3036.673948,3229.539327,3404.252384,3436.158497,3559.989271,3786.716904,3966.341286,4158.521091,4426.268497,4826.222952,5254.908773,5821.914765,6434.592988,6867.846858,7100.316097,7646.702508,8185.650172,8709.828604,9097.426486,9449.98505,9587.947512,9955.141083,10467.24348,11140.31215,11754.16137,11761.34151,13106.62352,14568.7722,15724.83859
North Macedonia,MKD,"GNI per capita, PPP (current international $)",NY.GNP.PCAP.PP.CD,,,,,,,,,,,,,,,,,,,,,,,,,,,,,,,5330,5220,4920,4750,4840,4910,5010,5150,5370,5620,6040,6010,6450,6530,7190,7830,8850,9190,10790,11440,11830,12200,12450,13340,14210,14560,15800,16480,17680,19290,19200,21390,23130,23510
Mali,MLI,"GNI per capita, PPP (current international $)",NY.GNP.PCAP.PP.CD,,,,,,,,,,,,,,,,,,,,,,,,,,,,,,,760,860,830,860,890,890,950,990,1050,1100,1090,1200,1200,1330,1350,1430,1490,1530,1590,1600,1660,1700,1650,1720,1840,1970,2120,2170,2240,2340,2250,2290,2470,2600
Malta,MLT,"GNI per capita, PPP (current international $)",NY.GNP.PCAP.PP.CD,,,,,,,,,,,,,,,,,,,,,,,,,,,,,,,10810,11430,11960,12560,13200,14190,14770,15620,16060,17170,17670,18630,20130,20850,21460,21630,22370,23820,26110,25240,27240,28290,28820,30690,32550,35380,35820,39140,41590,45740,41650,48070,53380,56880
Myanmar,MMR,"GNI per capita, PPP (current international $)",NY.GNP.PCAP.PP.CD,,,,,,,,,,,,,,,,,,,,,,,,,,,,,,,430,440,490,520,570,610,660,700,740,820,940,1060,1200,1380,1590,1850,2140,2440,2730,3020,3320,3550,3660,3980,4140,4270,4310,4520,5390,5860,5590,5060,5600,5800
Middle East & North Africa (excluding high income),MNA,"GNI per capita, PPP (current international $)",NY.GNP.PCAP.PP.CD,,,,,,,,,,,,,,,,,,,,,,,,,,,,,,,4759.102671,5153.45289,5368.329363,5449.227244,5514.921043,5647.828687,5978.433118,6182.271257,6524.226876,6717.323311,7201.428453,7448.633715,7676.393626,7838.539754,8514.162172,8976.310039,9610.452129,10342.37782,10704.41987,10771.77916,11196.32278,11170.43826,11411.18462,11269.31559,10983.2695,10366.83766,10482.4514,10912.58741,11370.68361,11300.12284,11474.88154,12153.2977,13426.71812,14086.59511
Montenegro,MNE,"GNI per capita, PPP (current international $)",NY.GNP.PCAP.PP.CD,,,,,,,,,,,,,,,,,,,,,,,,,,,,,,,,,,,,,,6090,6480,5970,6310,7110,7640,7770,8250,8410,10630,12610,14020,13040,13540,14590,14100,15160,15570,16690,18360,20080,21770,24410,21340,25020,28880,31520
Mongolia,MNG,"GNI per capita, PPP (current international $)",NY.GNP.PCAP.PP.CD,,,,,,,,,,,,,,,,,,,,,,,,,,,,,,,3320,3130,2800,2700,2810,3030,3140,3290,3440,3560,3630,3800,4000,4310,4860,5250,5870,6510,7100,6880,7020,8260,9530,10040,10220,9790,9830,9700,11320,12230,12520,12770,14550,16390
Northern Mariana Islands,MNP,"GNI per capita, PPP (current international $)",NY.GNP.PCAP.PP.CD,,,,,,,,,,,,,,,,,,,,,,,,,,,,,,,,,,,,,,,,,,,,,,,,,,,,,,,,,,,,,,,,
Mozambique,MOZ,"GNI per capita, PPP (current international $)",NY.GNP.PCAP.PP.CD,,,,,,,,,,,,,,,,,,,,,,,,,,,,,,,,300,270,300,310,320,350,390,420,470,470,520,530,610,660,700,750,820,870,930,970,1040,1060,1100,1140,1280,1330,1230,1280,1350,1370,1410,1440,1510
Mauritania,MRT,"GNI per capita, PPP (current international $)",NY.GNP.PCAP.PP.CD,,,,,,,,,,,,,,,,,,,,,,,,,,,,,,,1950,2000,2000,2060,1970,2160,2390,2280,2310,2370,2250,2170,2300,2450,2570,2800,3200,3170,3170,3160,3110,3170,3350,3710,3720,3880,4640,5340,5490,5650,5800,5890,6610,6930
Mauritius,MUS,"GNI per capita, PPP (current international $)",NY.GNP.PCAP.PP.CD,,,,,,,,,,,,,,,,,,,,,,,,,,,,,,,4970,5360,5770,6120,6370,6740,7130,7620,8070,8310,9110,9610,9850,10480,11190,11690,12810,14110,14950,15240,15910,16560,17860,18730,19620,20690,22040,23150,24190,25220,22340,23970,26430,30230
Malawi,MWI,"GNI per capita, PPP (current international $)",NY.GNP.PCAP.PP.CD,,,,,,,,,,,,,,,,,,,,,,,,,,,,,,,670,730,680,750,690,830,890,920,940,960,980,920,930,980,1030,1070,1120,1230,1320,1390,1450,1510,1450,1540,1490,1380,1420,1370,1350,1430,1520,1680,1770,1820
Malaysia,MYS,"GNI per capita, PPP (current international $)",NY.GNP.PCAP.PP.CD,,,,,,,,,,,,,,,,,,,,,,,,,,,,,,,6710,7330,7920,8710,9440,10320,11250,11870,10830,11180,11980,12110,12740,13580,14580,15600,16860,18160,18830,18480,19510,20800,21810,22420,23570,23980,24790,25980,27350,28730,27480,29630,33880,36120
North America,NAC,"GNI per capita, PPP (current international $)",NY.GNP.PCAP.PP.CD,,,,,,,,,,,,,,,,,,,,,,,,,,,,,,,23233.45297,23648.83461,24573.6087,25394.59889,26715.97994,27879.72544,29217.51214,30814.64415,32366.51018,33965.19428,36003.21483,36904.42521,37632.1241,38970.41442,41212.29334,43689.54094,46215.48473,47412.48208,47572.05071,46188.1746,48126.32109,49916.2138,51876.20437,53176.54421,55340.43944,56614.46235,57470.76902,59674.51861,62395.90239,64598.41006,63091.05034,69929.48626,76066.4026,79894.63774
Namibia,NAM,"GNI per capita, PPP (current international $)",NY.GNP.PCAP.PP.CD,,,,,,,,,,,,,,,,,,,,,,,,,,,,,,,3950,4340,4500,4370,4400,4640,4630,4770,4890,4870,5150,5180,5510,5970,6570,6670,7330,7660,7920,7860,8130,8690,9100,9880,10620,10870,10500,10290,10170,10150,10210,10380,11520,12170
New Caledonia,NCL,"GNI per capita, PPP (current international $)",NY.GNP.PCAP.PP.CD,,,,,,,,,,,,,,,,,,,,,,,,,,,,,,,,,,,,,,,,,,,,,,,,,,,,,,,,,,,,,,,,
Niger,NER,"GNI per capita, PPP (current international $)",NY.GNP.PCAP.PP.CD,,,,,,,,,,,,,,,,,,,,,,,,,,,,,,,740,740,740,740,740,750,750,750,820,810,790,840,870,870,880,940,990,1000,1060,1050,1110,1120,1190,1170,1200,1220,1210,1240,1310,1450,1400,1570,1620,1750
Nigeria,NGA,"GNI per capita, PPP (current international $)",NY.GNP.PCAP.PP.CD,,,,,,,,,,,,,,,,,,,,,,,,,,,,,,,,,,,,,,,,,,,,,,,,,3920,4120,4380,4580,4670,4900,5260,5240,5120,5060,5110,5420,5440,5510,5900,6200
Nicaragua,NIC,"GNI per capita, PPP (current international $)",NY.GNP.PCAP.PP.CD,,,,,,,,,,,,,,,,,,,,,,,,,,,,,,,1940,1760,1720,1740,1780,1960,2110,2230,2350,2520,2640,2730,2770,2870,3080,3300,3470,3710,3860,3690,3850,4120,4240,4380,4770,5120,5460,5750,5490,5610,5690,6440,6990,7640
Netherlands,NLD,"GNI per capita, PPP (current international $)",NY.GNP.PCAP.PP.CD,,,,,,,,,,,,,,,,,,,,,,,,,,,,,,,18630,19660,20220,20960,22060,23290,24500,25920,27210,29130,31680,32340,33470,33700,35280,36980,40720,43460,44180,42870,44640,46440,46750,48890,48740,49780,51020,54460,57610,59850,59070,68780,73850,77750
Norway,NOR,"GNI per capita, PPP (current international $)",NY.GNP.PCAP.PP.CD,,,,,,,,,,,,,,,,,,,,,,,,,,,,,,,17930,18950,20180,21080,22630,24050,26510,28300,27880,30310,36480,37850,38160,38900,42750,48490,54410,56010,61800,55930,58850,63060,66330,68090,68420,63250,61860,66940,73090,73110,69890,90750,128020,108790
Nepal,NPL,"GNI per capita, PPP (current international $)",NY.GNP.PCAP.PP.CD,,,,,,,,,,,,,,,,,,,,,,,,,,,,,,,830,890,920,950,1030,1060,1110,1160,1190,1240,1320,1390,1390,1450,1540,1630,1730,1830,1970,2060,2170,2280,2500,2700,2970,3020,3030,3620,3920,4240,4230,4490,4990,5240
Nauru,NRU,"GNI per capita, PPP (current international $)",NY.GNP.PCAP.PP.CD,,,,,,,,,,,,,,,,,,,,,,,,,,,,,,,14140,11470,9610,8170,7990,7480,6690,6190,5510,5220,4970,4760,4340,4430,4420,4130,3900,3890,6340,6440,6650,7980,9650,10410,11730,13390,13730,13070,12470,14250,15360,17050,20020,21570
New Zealand,NZL,"GNI per capita, PPP (current international $)",NY.GNP.PCAP.PP.CD,,,,,,,,,,,,,,,,,,,,,,,,,,,,,,,14250,13580,13970,14810,15950,16760,17070,17980,18440,19350,20280,21380,22130,22850,23680,24020,25880,27260,27660,29430,29660,31220,31620,34810,35800,36240,38660,40610,40960,44030,44410,46920,50770,52750
OECD members,OED,"GNI per capita, PPP (current international $)",NY.GNP.PCAP.PP.CD,,,,,,,,,,,,,,,,,,,,,,,,,,,,,,,16613.81352,17208.80511,17804.68884,18273.57046,19091.26239,19832.56805,20760.69803,21768.79718,22408.15449,23264.84433,24771.069,25550.03343,26286.5217,27049.99169,28525.2571,29908.08335,31988.2026,33351.43137,34046.24503,33190.32831,34650.08188,36181.5901,37263.55507,38509.56853,39726.9236,40780.29947,42052.65998,43725.33211,45413.90006,47444.5551,46344.49632,51145.19829,56192.83146,59083.27479
Oman,OMN,"GNI per capita, PPP (current international $)",NY.GNP.PCAP.PP.CD,,,,,,,,,,,,,,,,,,,,,,,,,,,,,,,25690,27070,28250,29410,30260,31960,32880,34840,35560,35470,38100,40140,39690,39750,41060,41960,45370,47780,50590,52350,50340,47580,47570,45530,42120,34960,32360,32370,35720,34690,32550,36290,39750,41280
Other small states,OSS,"GNI per capita, PPP (current international $)",NY.GNP.PCAP.PP.CD,,,,,,,,,,,,,,,,,,,,,,,,,,,,,,,7685.776352,7955.642382,8119.513352,8446.044659,8722.074043,9311.670109,9742.909533,10051.64326,10516.09211,10582.49156,11507.13406,12085.15561,12639.78633,13226.52918,13998.57203,14947.31467,16311.47143,17704.34655,18596.05769,17710.76089,18254.72873,19166.46935,20397.52914,20712.21541,20814.49941,20279.4707,20877.75491,22324.08409,23316.70802,25186.60383,23793.62566,26011.57516,28787.2886,30303.26447
Pakistan,PAK,"GNI per capita, PPP (current international $)",NY.GNP.PCAP.PP.CD,,,,,,,,,,,,,,,,,,,,,,,,,,,,,,,1880,1970,2120,2150,2210,2300,2380,2370,2380,2450,2520,2590,2620,2770,3010,3260,3490,3650,3720,3770,3810,3930,4100,4230,4370,4540,4690,4870,5060,5120,5130,5480,6030,6110
Panama,PAN,"GNI per capita, PPP (current international $)",NY.GNP.PCAP.PP.CD,,,,,,,,,,,,,,,,,,,,,,,,,,,,,,,5070,5490,6020,6480,6730,6680,7100,7450,7870,8030,8360,8420,8800,8830,9480,10240,11250,12870,14140,14240,14600,16690,18360,20730,22480,25720,28330,31640,30430,30900,25890,29210,34740,38110
Peru,PER,"GNI per capita, PPP (current international $)",NY.GNP.PCAP.PP.CD,,,,,,,,,,,,,,,,,,,,,,,,,,,,,,,3150,3380,3350,3530,3950,4230,4400,4700,4700,4750,4890,4990,5260,5470,5720,6140,6620,7350,8190,8330,8960,9630,10010,10630,10910,11110,11470,11910,12310,12920,12060,13870,15250,15860
Philippines,PHL,"GNI per capita, PPP (current international $)",NY.GNP.PCAP.PP.CD,,,,,,,,,,,,,,,,,,,,,,,,,,,,,,,2620,2670,2710,2780,2930,3060,3250,3440,3660,3730,3760,3890,4010,4200,4510,4800,5090,5460,5720,5840,6210,6450,6910,7290,7640,7850,8350,8740,9330,9860,8850,9110,10570,11940
Palau,PLW,"GNI per capita, PPP (current international $)",NY.GNP.PCAP.PP.CD,,,,,,,,,,,,,,,,,,,,,,,,,,,,,,,10750,11400,10660,9360,10010,11050,12060,12150,12180,11370,9200,10000,10520,10660,11500,12270,12780,13410,13190,12980,13190,14330,14700,14810,15650,17180,17370,17600,17970,18740,18030,16450,17010,17940
Papua New Guinea,PNG,"GNI per capita, PPP (current international $)",NY.GNP.PCAP.PP.CD,,,,,,,,,,,,,,,,,,,,,,,,,,,,,,,1680,1840,1990,2330,2450,2360,2450,2340,2190,2170,2120,2070,2030,2000,2070,2230,2230,2450,2460,2520,2720,2660,2890,2880,3460,3450,3670,3770,3720,3810,3810,3820,4160,4340
Poland,POL,"GNI per capita, PPP (current international $)",NY.GNP.PCAP.PP.CD,,,,,,,,,,,,,,,,,,,,,,,,,,,,,,,5860,5720,5920,6310,6870,7570,8220,8870,9420,9980,10630,11090,11770,12170,12930,13620,14760,16230,17920,18640,20190,21850,22690,23440,24350,25820,27070,28690,30680,34010,34940,38630,44880,47380
Pre-demographic dividend,PRE,"GNI per capita, PPP (current international $)",NY.GNP.PCAP.PP.CD,,,,,,,,,,,,,,,,,,,,,,,,,,,,,,,,,,,,,,,,,,,,,,,,,2854.099014,2912.513419,3025.027371,3133.963931,3229.148995,3353.936102,3501.789534,3344.957453,3373.623249,3447.377144,3622.822856,3783.695846,3669.592666,3918.532315,4242.789179,4404.08984
Puerto Rico,PRI,"GNI per capita, PPP (current international $)",NY.GNP.PCAP.PP.CD,,,,,,,,,,,,,,,,,,,,,,,,,,,,,,,9470,9950,10240,10820,11250,11820,12230,12950,13290,14410,15400,15840,16030,16480,18710,19190,19860,20720,20610,20150,20220,20840,21660,21950,22060,22150,22100,21820,23260,25210,25140,27960,31480,32990
"Korea, Dem. People's Rep.",PRK,"GNI per capita, PPP (current international $)",NY.GNP.PCAP.PP.CD,,,,,,,,,,,,,,,,,,,,,,,,,,,,,,,,,,,,,,,,,,,,,,,,,,,,,,,,,,,,,,,,
Portugal,PRT,"GNI per capita, PPP (current international $)",NY.GNP.PCAP.PP.CD,,,,,,,,,,,,,,,,,,,,,,,,,,,,,,,11770,12750,13260,13290,13610,14510,15000,15760,16640,17660,18570,19200,20050,20640,21210,22420,23980,25000,25770,25570,26390,26340,25810,27560,28150,28870,30840,32270,34080,36860,35320,38400,43870,47850
Paraguay,PRY,"GNI per capita, PPP (current international $)",NY.GNP.PCAP.PP.CD,,,,,,,,,,,,,,,,,,,,,,,,,,,,,,,5180,5140,5290,5920,5830,6240,6660,6660,6610,6460,6040,6140,6320,6160,6630,6950,7680,8620,9340,9230,10270,10900,10430,11580,12080,12140,12810,13460,13620,13690,13790,14830,15760,16910
West Bank and Gaza,PSE,"GNI per capita, PPP (current international $)",NY.GNP.PCAP.PP.CD,,,,,,,,,,,,,,,,,,,,,,,,,,,,,,,,,,,2470,2600,2540,2860,3330,3570,3090,2710,2310,2610,3160,3590,3610,3800,4040,4200,4360,4780,5560,5720,5950,6480,6810,6910,7280,7660,6910,6800,7610,7060
Pacific island small states,PSS,"GNI per capita, PPP (current international $)",NY.GNP.PCAP.PP.CD,,,,,,,,,,,,,,,,,,,,,,,,,,,,,,,2853.382812,2888.979248,3031.210274,3127.163837,3183.932666,3390.985023,3536.413587,3497.006212,3525.905132,3699.323689,3778.880345,3810.935267,3932.002766,3993.074559,4226.265921,4421.010549,4445.449444,4559.715317,4672.214602,4676.12379,4783.090231,4978.800417,5171.175171,5565.341348,6116.809357,6511.503484,6653.517294,6876.291977,7095.279777,7139.977677,6435.617657,6274.48049,7396.614229,7990.671441
Post-demographic dividend,PST,"GNI per capita, PPP (current international $)",NY.GNP.PCAP.PP.CD,,,,,,,,,,,,,,,,,,,,,,,,,,,,,,,17993.40591,18618.36742,19216.36619,19707.44063,20596.21384,21436.58517,22395.41439,23464.138,24328.99791,25373.78251,27056.80512,28051.84362,28948.50236,29885.15023,31563.19187,33138.98071,35408.12556,36928.91725,37639.744,36666.75858,38254.58379,39820.75937,41001.78194,42408.96678,43640.22303,44694.30103,46054.16879,47995.91428,50021.73374,52486.04806,51341.88713,56801.4547,61997.91335,64985.17907
French Polynesia,PYF,"GNI per capita, PPP (current international $)",NY.GNP.PCAP.PP.CD,,,,,,,,,,,,,,,,,,,,,,,,,,,,,,,,,,,,,,,,,,,,,,,,,,,,,,,,,,,,,,,,
Qatar,QAT,"GNI per capita, PPP (current international $)",NY.GNP.PCAP.PP.CD,,,,,,,,,,,,,,,,,,,,,,,,,,,,,,,57140,56150,61930,60660,61000,61980,64120,81510,83750,83770,81730,86090,88610,91980,102510,97700,115320,115240,117200,113680,128290,144820,152930,151000,137680,97380,85220,93040,100540,98520,81400,107190,116870,
Romania,ROU,"GNI per capita, PPP (current international $)",NY.GNP.PCAP.PP.CD,,,,,,,,,,,,,,,,,,,,,,,,,,,,,,,5260,4790,4500,4670,4970,5390,5700,5510,5480,5530,5810,6480,7230,7380,8610,9320,11170,13260,16410,16420,17150,18570,19480,19390,20530,21400,23580,26560,29030,33070,33780,37210,41690,46620
Russian Federation,RUS,"GNI per capita, PPP (current international $)",NY.GNP.PCAP.PP.CD,,,,,,,,,,,,,,,,,,,,,,,,,,,,,,,8010,7840,6800,6350,5710,5570,5440,5580,5230,5680,6650,7260,7880,8970,10010,11540,14480,16280,19600,18760,19860,22120,23530,25120,24840,23330,23340,25090,27930,29990,30750,38030,40110,43510
Rwanda,RWA,"GNI per capita, PPP (current international $)",NY.GNP.PCAP.PP.CD,,,,,,,,,,,,,,,,,,,,,,,,,,,,,,,550,540,570,520,310,510,490,500,530,560,610,670,750,770,820,910,1000,1080,1190,1230,1300,1400,1430,1490,1640,1750,1810,1900,2040,2250,2220,2650,3000,3290
South Asia,SAS,"GNI per capita, PPP (current international $)",NY.GNP.PCAP.PP.CD,,,,,,,,,,,,,,,,,,,,,,,,,,,,,,,1248.459437,1286.120318,1361.493255,1423.44076,1508.477607,1613.300299,1720.451437,1779.632201,1860.683319,1994.059115,2076.864051,2178.032641,2255.349717,2421.299389,2630.509647,2872.268133,3137.778958,3412.909172,3537.362869,3754.845048,4013.49931,4249.793992,4590.045612,4782.043188,4966.098602,5188.729685,5523.942723,5841.179737,6355.713619,6745.721053,6624.448994,7562.139743,8509.90276,9291.498077
Saudi Arabia,SAU,"GNI per capita, PPP (current international $)",NY.GNP.PCAP.PP.CD,,,,,,,,,,,,,,,,,,,,,,,,,,,,,,,34680,39010,39550,38290,37520,37650,38140,38240,38820,36900,38270,37510,36200,39930,43660,46410,47860,48550,50690,48370,49340,54310,55940,54950,55320,48920,45730,47190,49360,47610,40430,48460,54720,55290
Sudan,SDN,"GNI per capita, PPP (current international $)",NY.GNP.PCAP.PP.CD,,,,,,,,,,,,,,,,,,,,,,,,,,,,,,,1400,1430,1570,1690,1750,1860,2010,2380,2450,2480,2590,2790,2900,3070,3220,3420,3620,3830,3900,3760,3680,4000,3690,3660,4380,4320,4590,4290,4170,3920,3330,3290,3460,3110
Senegal,SEN,"GNI per capita, PPP (current international $)",NY.GNP.PCAP.PP.CD,,,,,,,,,,,,,,,,,,,,,,,,,,,,,,,1510,1560,1580,1580,1570,1660,1700,1740,1830,1920,1990,2080,2050,2170,2270,2390,2460,2530,2610,2610,2660,2660,2730,2740,2830,2960,3080,3210,3360,3630,3770,4150,4460,4670
Singapore,SGP,"GNI per capita, PPP (current international $)",NY.GNP.PCAP.PP.CD,,,,,,,,,,,,,,,,,,,,,,,,,,,,,,,23580,25140,27040,29430,33100,35340,36610,40060,38110,40400,43510,42820,44190,47480,51090,55490,62320,67000,65240,62780,74590,77300,78460,78610,81610,81210,84290,89000,91190,93310,87750,112140,114620,118710
Solomon Islands,SLB,"GNI per capita, PPP (current international $)",NY.GNP.PCAP.PP.CD,,,,,,,,,,,,,,,,,,,,,,,,,,,,,,,1270,1340,1500,1580,1700,1840,1860,1810,1810,1750,1530,1420,1340,1440,1570,1700,1740,1760,1820,1850,2050,2140,2230,2450,2430,2410,2470,2560,2650,2680,2650,2750,2920,3080
Sierra Leone,SLE,"GNI per capita, PPP (current international $)",NY.GNP.PCAP.PP.CD,,,,,,,,,,,,,,,,,,,,,,,,,,,,,,,680,740,600,660,610,620,650,620,620,620,660,610,740,800,840,880,810,1080,1170,1190,1140,1230,1250,1700,1690,1530,1600,1530,1610,1600,1560,1610,2050,2130
El Salvador,SLV,"GNI per capita, PPP (current international $)",NY.GNP.PCAP.PP.CD,,,,,,,,,,,,,,,,,,,,,,,,,,,,,,,2800,2880,3130,3350,3560,3780,3840,3980,4110,4180,4320,4430,4530,4650,4810,5090,5510,5760,6000,5830,6020,6340,6390,6720,7110,7510,7960,8400,8610,9180,8790,10090,11020,11750
San Marino,SMR,"GNI per capita, PPP (current international $)",NY.GNP.PCAP.PP.CD,,,,,,,,,,,,,,,,,,,,,,,,,,,,,,,,,,,,,,,,,,,,,,,,,,,,,,,,,,48270,50130,53340,50960,59020,,
Somalia,SOM,"GNI per capita, PPP (current international $)",NY.GNP.PCAP.PP.CD,,,,,,,,,,,,,,,,,,,,,,,,,,,,,,,400,460,450,470,370,380,410,400,420,440,460,490,510,550,580,620,660,700,740,780,820,880,920,1080,1280,1520,1640,1730,1630,1680,1560,1460,1550,1610
Serbia,SRB,"GNI per capita, PPP (current international $)",NY.GNP.PCAP.PP.CD,,,,,,,,,,,,,,,,,,,,,,,,,,,,,,,,,,,,4830,5230,5720,6000,5530,6020,6490,7330,7600,8420,8970,9910,10890,12280,12350,12520,13220,13470,14050,14100,14230,14980,15530,16810,18620,19450,21700,23810,25880
Sub-Saharan Africa (excluding high income),SSA,"GNI per capita, PPP (current international $)",NY.GNP.PCAP.PP.CD,,,,,,,,,,,,,,,,,,,,,,,,,,,,,,,1759.663909,1781.836179,1714.782359,1731.497348,1748.119267,1840.3945,1896.188406,1977.913291,1996.633068,2021.03162,2075.908263,2143.270098,2211.377894,2274.879098,2401.939011,2565.20179,2739.403605,2896.446395,2996.929633,3031.954855,3143.937733,3263.610809,3283.2627,3413.16346,3621.979755,3640.232161,3693.473389,3724.774108,3807.10667,3961.488077,3916.050531,4164.615124,4501.407013,4710.963242
South Sudan,SSD,"GNI per capita, PPP (current international $)",NY.GNP.PCAP.PP.CD,,,,,,,,,,,,,,,,,,,,,,,,,,,,,,,,,,,,,,,,,,,,,,,,,,,,1570,1370,1820,1180,1010,,,,,,,,
Sub-Saharan Africa,SSF,"GNI per capita, PPP (current international $)",NY.GNP.PCAP.PP.CD,,,,,,,,,,,,,,,,,,,,,,,,,,,,,,,1760.62255,1782.85431,1715.948556,1732.777376,1749.36598,1841.56016,1897.515086,1979.451187,1998.16141,2022.556859,2077.478752,2144.816421,2212.755035,2276.183931,2403.295293,2566.710337,2741.083148,2898.101325,2998.429596,3033.404804,3145.446542,3265.254269,3285.059573,3414.828212,3623.820434,3642.113157,3695.585412,3727.01632,3809.477266,3964.003995,3918.277325,4166.677595,4503.892028,4713.637493
Small states,SST,"GNI per capita, PPP (current international $)",NY.GNP.PCAP.PP.CD,,,,,,,,,,,,,,,,,,,,,,,,,,,,,,,6912.793825,7133.956945,7305.233556,7574.736575,7839.431276,8371.100374,8792.538987,8987.468496,9359.907412,9493.269881,10225.31831,10655.0083,11124.24034,11599.71508,12263.34436,13070.74631,14168.20069,15309.54857,16015.5586,15361.11653,15794.23618,16520.41173,17468.1221,17807.29922,17994.83934,17704.00181,18101.70716,19295.86404,20111.27829,21608.35436,20250.8765,22215.1187,25265.47675,27122.68716
Sao Tome and Principe,STP,"GNI per capita, PPP (current international $)",NY.GNP.PCAP.PP.CD,,,,,,,,,,,,,,,,,,,,,,,,,,,,,,,1410,1410,1420,1430,1480,1490,1540,1550,1560,1640,1680,1820,1870,2040,2110,2280,2600,2730,2800,2840,2850,2900,2680,2970,3310,3200,3340,3410,3940,4620,5170,5730,6110,6140
Suriname,SUR,"GNI per capita, PPP (current international $)",NY.GNP.PCAP.PP.CD,,,,,,,,,,,,,,,,,,,,,,,,,,,,,,,6470,6820,6950,6530,6870,6900,6920,7180,7300,7080,7210,7080,7800,8330,9120,9890,10640,11590,12240,12490,12820,13200,14720,15900,16540,16680,13900,15800,16280,17900,14360,16090,18360,19330
Slovak Republic,SVK,"GNI per capita, PPP (current international $)",NY.GNP.PCAP.PP.CD,,,,,,,,,,,,,,,,,,,,,,,,,,,,,,,8030,7060,6750,7410,8010,8740,9490,10110,10640,10670,11330,12400,13280,13500,14640,16220,18390,20640,23320,22960,24870,25350,26540,27810,28700,29320,28950,29600,30880,33130,34700,36700,40370,43500
Slovenia,SVN,"GNI per capita, PPP (current international $)",NY.GNP.PCAP.PP.CD,,,,,,,,,,,,,,,,,,,,,,,,,,,,,,,12260,11560,11210,11870,12990,13690,14340,15270,16030,17070,17960,18940,20060,20890,22440,23630,25400,26940,28830,27080,27450,28540,28590,29570,30590,30650,33080,35850,38390,42090,41820,45940,50290,54130
Sweden,SWE,"GNI per capita, PPP (current international $)",NY.GNP.PCAP.PP.CD,,,,,,,,,,,,,,,,,,,,,,,,,,,,,,,19910,20080,19920,19740,21150,22450,23290,24150,25330,27430,29640,29960,31010,32350,34050,34710,38710,42140,43610,41220,43360,45520,46470,47350,48180,49520,50740,52870,54590,58960,59780,66040,71230,72990
Eswatini,SWZ,"GNI per capita, PPP (current international $)",NY.GNP.PCAP.PP.CD,,,,,,,,,,,,,,,,,,,,,,,,,,,,,,,3560,3620,3700,3680,3670,4170,4460,4590,4500,4730,4690,5020,4950,5100,5500,6310,6520,7000,7060,7040,7140,7340,7560,8200,8350,8450,8280,7950,8050,8110,8200,9440,11740,10950
Sint Maarten (Dutch part),SXM,"GNI per capita, PPP (current international $)",NY.GNP.PCAP.PP.CD,,,,,,,,,,,,,,,,,,,,,,,,,,,,,,,,,,,,,,,,,,,,,,,,,,34480,36170,39410,34890,34720,41000,41770,42890,44050,41530,44920,38540,40390,47250,
Seychelles,SYC,"GNI per capita, PPP (current international $)",NY.GNP.PCAP.PP.CD,,,,,,,,,,,,,,,,,,,,,,,,,,,,,,,8650,9130,10040,10780,10610,10420,11600,13180,13230,13330,13930,14230,13230,13330,14310,16000,17670,18190,17360,17260,17940,20270,22200,21100,23400,23960,26810,28610,30560,32850,29950,28720,29610,32440
Syrian Arab Republic,SYR,"GNI per capita, PPP (current international $)",NY.GNP.PCAP.PP.CD,,,,,,,,,,,,,,,,,,,,,,,,,,,,,,,,,,,,,,,,,,,,,,,,,,,,,,,,,,3190,3370,3410,3370,2780,,
Turks and Caicos Islands,TCA,"GNI per capita, PPP (current international $)",NY.GNP.PCAP.PP.CD,,,,,,,,,,,,,,,,,,,,,,,,,,,,,,,,,,,,,,,,,,,,,,,,,,,,,,,21120,22450,24600,25950,26730,26170,16520,21360,23790,23760
Chad,TCD,"GNI per capita, PPP (current international $)",NY.GNP.PCAP.PP.CD,,,,,,,,,,,,,,,,,,,,,,,,,,,,,,,710,770,820,670,750,750,740,770,810,790,760,840,880,860,1140,1320,1310,1380,1370,1580,1770,1760,1700,1510,1620,1800,1670,1610,1670,1820,1600,1740,1850,1940
East Asia & Pacific (IDA & IBRD countries),TEA,"GNI per capita, PPP (current international $)",NY.GNP.PCAP.PP.CD,,,,,,,,,,,,,,,,,,,,,,,,,,,,,,,1450.023354,1590.32526,1768.172175,1975.804367,2202.84143,2414.02,2643.242099,2837.177324,2848.00414,3017.858199,3282.562661,3552.700502,3862.50931,4242.236268,4702.313631,5248.753966,5957.35308,6809.174201,7478.332414,7984.242979,8776.003513,9595.591116,10468.14162,11053.56247,11697.32256,12024.52066,12614.96424,13400.03997,14462.99365,15552.94273,15808.2697,17700.53725,19611.33879,21314.95985
Europe & Central Asia (IDA & IBRD countries),TEC,"GNI per capita, PPP (current international $)",NY.GNP.PCAP.PP.CD,,,,,,,,,,,,,,,,,,,,,,,,,,,,,,,6884.119762,6686.898895,6171.858694,6017.748854,5588.038209,5677.559722,5805.564098,6058.606422,5659.908218,5855.338817,6479.467555,6878.181565,7383.27866,8008.825297,8935.485952,9913.270188,11659.28678,13036.19109,14851.51837,14445.82751,15471.61721,16994.66245,18002.63056,19225.08374,19687.91274,19596.39839,20065.85763,21352.33315,22846.41901,24535.05153,25129.01184,29057.37827,32249.54723,35383.88591
Togo,TGO,"GNI per capita, PPP (current international $)",NY.GNP.PCAP.PP.CD,,,,,,,,,,,,,,,,,,,,,,,,,,,,,,,1130,1130,1080,960,1080,1150,1240,1390,1340,1340,1330,1340,1380,1460,1440,1380,1420,1410,1460,1500,1570,1730,1690,1770,1860,1970,2000,2040,2130,2280,2430,2650,2940,3170
Thailand,THA,"GNI per capita, PPP (current international $)",NY.GNP.PCAP.PP.CD,,,,,,,,,,,,,,,,,,,,,,,,,,,,,,,4350,4800,5210,5700,6190,6730,7100,6900,6310,6670,7140,7420,7870,8480,9150,9740,10550,11370,11670,11600,12450,12960,14000,14300,14630,15030,15950,16850,18030,19290,18780,19580,21570,22880
Tajikistan,TJK,"GNI per capita, PPP (current international $)",NY.GNP.PCAP.PP.CD,,,,,,,,,,,,,,,,,,,,,,,,,,,,,,,2570,2410,1720,1460,990,970,780,840,890,920,990,1090,1210,1330,1500,1920,2210,2500,2740,2600,2840,3150,3440,3880,3950,3570,3420,3520,3620,4100,4360,4900,6120,6380
Turkmenistan,TKM,"GNI per capita, PPP (current international $)",NY.GNP.PCAP.PP.CD,,,,,,,,,,,,,,,,,,,,,,,,,,,,,,,5420,5160,4370,4440,3720,3390,3620,3260,3440,3970,4070,4350,4360,4580,4860,5280,6010,6990,7850,8180,8680,9850,10630,11430,12180,12900,13640,13880,15100,16860,,,,
Latin America & the Caribbean (IDA & IBRD countries),TLA,"GNI per capita, PPP (current international $)",NY.GNP.PCAP.PP.CD,,,,,,,,,,,,,,,,,,,,,,,,,,,,,,,6057.612833,6405.384371,6639.550004,6823.747693,7133.503618,7298.54139,7584.896942,8000.268925,8161.851107,8126.714196,8487.84959,8598.342772,8615.47337,8838.673959,9427.229604,10036.02309,11001.63975,11829.8726,12449.14318,12220.14023,12950.71494,13805.79888,14121.01409,14639.80106,14941.58966,14770.38324,14985.23866,15597.63281,16174.23552,16562.67301,15959.28448,17874.99615,20002.042,21084.90569
Timor-Leste,TLS,"GNI per capita, PPP (current international $)",NY.GNP.PCAP.PP.CD,,,,,,,,,,,,,,,,,,,,,,,,,,,,,,,1390,1560,1730,1930,2080,2230,2420,2520,2460,1590,1770,1950,2220,1810,2090,2570,3880,5420,8340,6240,7340,9060,8860,7610,6580,5460,4630,5000,5200,7130,8420,7590,5940,5880
Middle East & North Africa (IDA & IBRD countries),TMN,"GNI per capita, PPP (current international $)",NY.GNP.PCAP.PP.CD,,,,,,,,,,,,,,,,,,,,,,,,,,,,,,,4781.042929,5177.994838,5394.864228,5477.322241,5544.606957,5678.282011,6013.553442,6217.019554,6557.90731,6750.795032,7245.140071,7499.291489,7734.09478,7895.150748,8572.638366,9035.489413,9676.794234,10415.1175,10779.19736,10846.0943,11274.05617,11243.67609,11478.76761,11333.76956,11041.8832,10412.26543,10525.52894,10959.62356,11419.17946,11343.66961,11529.81473,12218.32803,13497.94259,14173.58747
Tonga,TON,"GNI per capita, PPP (current international $)",NY.GNP.PCAP.PP.CD,,,,,,,,,,,,,,,,,,,,,,,,,,,,,,,2200,2390,2430,2560,2840,3030,3150,3230,3380,3500,3520,3680,3960,4050,4060,4110,4290,4400,4690,4520,4610,5000,5140,5240,5370,5530,5940,6480,6800,7100,7230,7180,7560,
South Asia (IDA & IBRD),TSA,"GNI per capita, PPP (current international $)",NY.GNP.PCAP.PP.CD,,,,,,,,,,,,,,,,,,,,,,,,,,,,,,,1248.459437,1286.120318,1361.493255,1423.44076,1508.477607,1613.300299,1720.451437,1779.632201,1860.683319,1994.059115,2076.864051,2178.032641,2255.349717,2421.299389,2630.509647,2872.268133,3137.778958,3412.909172,3537.362869,3754.845048,4013.49931,4249.793992,4590.045612,4782.043188,4966.098602,5188.729685,5523.942723,5841.179737,6355.713619,6745.721053,6624.448994,7562.139743,8509.90276,9291.498077
Sub-Saharan Africa (IDA & IBRD countries),TSS,"GNI per capita, PPP (current international $)",NY.GNP.PCAP.PP.CD,,,,,,,,,,,,,,,,,,,,,,,,,,,,,,,1760.62255,1782.85431,1715.948556,1732.777376,1749.36598,1841.56016,1897.515086,1979.451187,1998.16141,2022.556859,2077.478752,2144.816421,2212.755035,2276.183931,2403.295293,2566.710337,2741.083148,2898.101325,2998.429596,3033.404804,3145.446542,3265.254269,3285.059573,3414.828212,3623.820434,3642.113157,3695.585412,3727.01632,3809.477266,3964.003995,3918.277325,4166.677595,4503.892028,4713.637493
Trinidad and Tobago,TTO,"GNI per capita, PPP (current international $)",NY.GNP.PCAP.PP.CD,,,,,,,,,,,,,,,,,,,,,,,,,,,,,,,6270,6590,7380,7560,7830,8350,8920,9960,10970,11950,12760,13760,15120,17420,19820,21150,24480,26390,27670,26210,27360,25840,27450,28070,28190,27510,25650,26420,25890,25960,22760,27530,28540,30400
Tunisia,TUN,"GNI per capita, PPP (current international $)",NY.GNP.PCAP.PP.CD,,,,,,,,,,,,,,,,,,,,,,,,,,,,,,,3620,3780,4060,4110,4270,4430,4740,5040,5300,5640,5940,6250,6370,6750,7280,7620,8240,8890,9330,9640,9960,9840,10040,10080,10430,10360,10610,10870,11390,11990,11350,11840,12960,13310
Turkiye,TUR,"GNI per capita, PPP (current international $)",NY.GNP.PCAP.PP.CD,,,,,,,,,,,,,,,,,,,,,,,,,,,,,,,8360,8560,9130,9930,9350,10110,10840,11650,8870,8530,9360,8930,9110,9420,10710,11740,13440,14730,15880,15260,17200,19420,20470,22170,23890,25570,26410,27840,27900,28020,28340,31230,37980,43700
Tuvalu,TUV,"GNI per capita, PPP (current international $)",NY.GNP.PCAP.PP.CD,,,,,,,,,,,,,,,,,,,,,,,,,,,,,,,3130,3300,3490,3350,3950,3860,3520,4200,4580,4470,3920,4760,5930,4210,4590,4510,4540,5310,5220,5250,4750,4750,4080,5080,4460,5840,5870,5850,6310,6670,6540,6820,7270,7790
Tanzania,TZA,"GNI per capita, PPP (current international $)",NY.GNP.PCAP.PP.CD,,,,,,,,,,,,,,,,,,,,,,,,,,,,,,,890,920,920,930,930,960,1010,1040,1070,1100,1150,1190,1290,1350,1460,1560,1700,1790,1880,1940,2020,2150,2040,2120,2180,2260,2360,2400,2670,2900,3190,3390,3690,3900
Uganda,UGA,"GNI per capita, PPP (current international $)",NY.GNP.PCAP.PP.CD,,,,,,,,,,,,,,,,,,,,,,,,,,,,,,,660,690,700,760,800,890,960,1000,1030,1100,1110,1150,1240,1300,1380,1470,1640,1770,1910,1980,2060,2240,1990,2000,2090,2150,2130,2110,2250,2380,2480,2630,2860,3040
Ukraine,UKR,"GNI per capita, PPP (current international $)",NY.GNP.PCAP.PP.CD,,,,,,,,,,,,,,,,,,,,,,,,,,,,,,,7790,7330,6580,5650,4540,4090,3780,3760,3730,3790,3990,4550,4920,5550,6440,6880,7630,8600,8950,7640,8240,8790,9580,10900,10540,10490,11130,11860,12830,14560,16060,17520,16920,18560
Upper middle income,UMC,"GNI per capita, PPP (current international $)",NY.GNP.PCAP.PP.CD,,,,,,,,,,,,,,,,,,,,,,,,,,,,,,,3115.42959,3306.794129,3475.712149,3669.34112,3852.667065,4052.992193,4326.316737,4594.416596,4588.909333,4729.958175,5086.660675,5341.515115,5646.547592,6030.634843,6616.32188,7232.115497,8091.515369,9032.870887,9743.217174,10039.14763,10905.78517,11779.81799,12506.78449,13098.04842,13628.70672,13727.57991,14224.27922,14997.30977,15907.49486,16778.08778,16889.22012,18972.57804,21086.8401,22816.98
Uruguay,URY,"GNI per capita, PPP (current international $)",NY.GNP.PCAP.PP.CD,,,,,,,,,,,,,,,,,,,,,,,,,,,,,,,6430,6930,7640,8000,8700,8720,9340,10310,10830,10830,10810,10600,10000,9800,10530,11830,12760,13940,15080,15740,17060,18320,17920,19420,20320,21010,21560,22090,22800,24310,24170,26280,29720,31690
United States,USA,"GNI per capita, PPP (current international $)",NY.GNP.PCAP.PP.CD,,,,,,,,,,,,,,,,,,,,,,,,,,,,,,,23650,24100,25090,25910,27250,28450,29870,31510,33120,34730,36810,37720,38440,39780,42080,44570,47160,48330,48420,47060,49090,50910,53020,54230,56490,58020,58760,61010,63900,66280,64790,71610,77790,82190
Uzbekistan,UZB,"GNI per capita, PPP (current international $)",NY.GNP.PCAP.PP.CD,,,,,,,,,,,,,,,,,,,,,,,,,,,,,,,2660,2680,2360,2310,2200,2190,2220,2310,2410,2520,2620,2750,2880,3030,3330,3640,3970,4590,5100,5300,5560,5950,6130,6410,6580,6790,6860,6970,7400,7610,7540,8200,9140,9640
St. Vincent and the Grenadines,VCT,"GNI per capita, PPP (current international $)",NY.GNP.PCAP.PP.CD,,,,,,,,,,,,,,,,,,,,,,,,,,,,,,,3750,3910,4310,4590,4570,5030,5230,5450,5740,5910,6180,6510,6970,7520,8010,8540,9580,10330,10630,10740,10440,10640,11000,11640,11700,12120,13410,13520,14610,15200,15120,15370,17900,19740
"Venezuela, RB",VEN,"GNI per capita, PPP (current international $)",NY.GNP.PCAP.PP.CD,,,,,,,,,,,,,,,,,,,,,,,,,,,,,,,9380,10440,10870,10910,10610,11100,11060,11670,11620,11010,11490,11870,10640,9870,11730,13340,15010,16780,17590,16720,16380,16960,,,,,,,,,,,,
British Virgin Islands,VGB,"GNI per capita, PPP (current international $)",NY.GNP.PCAP.PP.CD,,,,,,,,,,,,,,,,,,,,,,,,,,,,,,,,,,,,,,,,,,,,,,,,,,,,,,,,,,,,,,,,
Virgin Islands (U.S.),VIR,"GNI per capita, PPP (current international $)",NY.GNP.PCAP.PP.CD,,,,,,,,,,,,,,,,,,,,,,,,,,,,,,,,,,,,,,,,,,,,,,,,,,,,,,,,,,,,,,,,
Viet Nam,VNM,"GNI per capita, PPP (current international $)",NY.GNP.PCAP.PP.CD,,,,,,,,,,,,,,,,,,,,,,,,,,,,,,,1120,1220,1340,1450,1600,1800,1960,2110,2210,2330,2520,2710,2890,3120,3410,3740,4080,4420,4710,4890,5220,5630,6190,6550,7050,7330,7990,8720,9630,10630,11280,11600,13370,14400
Vanuatu,VUT,"GNI per capita, PPP (current international $)",NY.GNP.PCAP.PP.CD,,,,,,,,,,,,,,,,,,,,,,,,,,,,,,,1620,1490,1490,1500,1590,1630,1710,1800,1970,1990,2040,2030,1850,1910,1980,2070,2310,2370,2610,2550,2570,2660,2580,2730,2850,2820,2920,3030,3190,3640,3330,3440,3700,3770
World,WLD,"GNI per capita, PPP (current international $)",NY.GNP.PCAP.PP.CD,,,,,,,,,,,,,,,,,,,,,,,,,,,,,,,5541.292778,5731.814469,5888.373709,6047.609444,6276.259016,6529.194958,6822.465965,7127.549224,7271.066197,7512.358887,7981.813,8263.528832,8531.684536,8892.378591,9494.720768,10101.90425,10966.17679,11707.01201,12205.50675,12154.23404,12816.27133,13503.61637,14074.9717,14566.99745,14998.81377,15142.75339,15570.45015,16258.31197,17098.9402,17918.45923,17656.61728,19606.99143,21523.4307,22855.14873
Samoa,WSM,"GNI per capita, PPP (current international $)",NY.GNP.PCAP.PP.CD,,,,,,,,,,,,,,,,,,,,,,,,,,,,,,,2920,2910,2850,3050,2040,2160,2420,2450,2520,2620,2850,3080,3260,3480,3680,4020,4230,4370,4590,4630,5030,5240,5110,5160,5220,5520,5950,6030,6050,6320,6140,5990,5900,6600
Kosovo,XKX,"GNI per capita, PPP (current international $)",NY.GNP.PCAP.PP.CD,,,,,,,,,,,,,,,,,,,,,,,,,,,,,,,,,,,,,,,,,,,,,,,,,6640,6840,7280,7930,8150,8280,8380,8860,9270,9570,10190,11110,10790,12600,14120,15310
"Yemen, Rep.",YEM,"GNI per capita, PPP (current international $)",NY.GNP.PCAP.PP.CD,,,,,,,,,,,,,,,,,,,,,,,,,,,,,,,1800,1850,1990,2050,2150,2190,2160,2240,2410,2380,2540,2650,2710,2760,2840,3010,3210,3320,3370,3510,3670,3130,3110,3280,,,,,,,,,,
South Africa,ZAF,"GNI per capita, PPP (current international $)",NY.GNP.PCAP.PP.CD,,,,,,,,,,,,,,,,,,,,,,,,,,,,,,,6300,6350,6250,6370,6620,6850,7140,7350,7370,7560,7980,8250,8670,9000,9640,10360,11170,11820,12300,12150,12520,12970,12810,13240,13230,13290,13370,13590,13260,13360,12850,13900,15010,15630
Zambia,ZMB,"GNI per capita, PPP (current international $)",NY.GNP.PCAP.PP.CD,,,,,,,,,,,,,,,,,,,,,,,,,,,,,,,1410,1380,1370,1500,1390,1420,1510,1550,1520,1590,1660,1740,1790,1910,1960,2070,2190,2300,2530,2830,2930,3110,3300,3370,3410,3300,3240,3270,3420,3330,3090,3220,3650,3960
Zimbabwe,ZWE,"GNI per capita, PPP (current international $)",NY.GNP.PCAP.PP.CD,,,,,,,,,,,,,,,,,,,,,,,,,,,,,,,1570,1630,1440,1490,1610,1610,1850,1810,1730,1790,1740,1840,1750,1500,1370,1330,1250,1150,780,1350,1660,1850,2110,2310,2320,2370,2480,2160,2560,2660,2730,3220,3590,3850